"2016-05-24 00:06:59",file_download,bla_2.png
"2016-05-24 01:05:10",file_download,bla_3.txt
"2016-05-24 01:26:38",file_upload,bla_8.xml
"2016-05-24 02:11:30",file_download,bla_7.xml
"2016-05-24 02:47:08",file_download,bla_4.csv
"2016-05-24 03:27:47",file_upload,bla_7.xml
"2016-05-24 04:16:45",file_upload,bla_2.png
"2016-05-24 04:49:24",file_upload,bla_9.xls
"2016-05-24 04:57:38",file_upload,bla_2.png
"2016-05-24 05:48:45",file_upload,bla_1.jpeg
"2016-05-24 06:34:37",file_download,bla_1.jpeg
"2016-05-24 06:39:00",file_download,bla_10.yaml
"2016-05-24 06:53:55",file_download,bla_7.xml
"2016-05-24 07:47:53",file_download,bla_1.jpeg
"2016-05-24 08:31:56",file_upload,bla_3.txt
"2016-05-24 09:01:23",file_download,bla_4.csv
"2016-05-24 09:13:58",file_download,bla_5.doc
"2016-05-24 09:57:32",file_upload,bla_10.yaml
"2016-05-24 10:42:56",file_download,bla_10.yaml
"2016-05-24 11:10:08",file_upload,bla_10.yaml
"2016-05-24 11:58:14",file_download,bla_4.csv
"2016-05-24 12:42:33",file_download,bla_4.csv
"2016-05-24 13:04:21",file_download,bla_10.yaml
"2016-05-24 13:11:22",file_upload,bla_3.txt
"2016-05-24 13:29:42",file_upload,bla_2.png
"2016-05-24 14:20:15",file_upload,bla_4.csv
"2016-05-24 14:55:22",file_download,bla_6.html
"2016-05-24 15:03:39",file_upload,bla_10.yaml
"2016-05-24 15:33:50",file_upload,bla_7.xml
"2016-05-24 16:00:31",file_upload,bla_7.xml
"2016-05-24 16:57:43",file_download,bla_5.doc
"2016-05-24 17:38:05",file_upload,bla_8.xml
"2016-05-24 18:18:35",file_upload,bla_6.html
"2016-05-24 18:45:40",file_download,bla_4.csv
"2016-05-24 19:15:38",file_upload,bla_2.png
"2016-05-24 19:38:17",file_download,bla_3.txt
"2016-05-24 20:14:27",file_upload,bla_8.xml
"2016-05-24 20:30:33",file_upload,bla_2.png
"2016-05-24 21:15:49",file_upload,bla_3.txt
"2016-05-24 21:40:20",file_download,bla_1.jpeg
"2016-05-24 22:14:24",file_download,bla_10.yaml
"2016-05-24 23:02:32",file_download,bla_4.csv
"2016-05-24 23:47:31",file_download,bla_1.jpeg
"2016-05-25 00:12:49",file_upload,bla_1.jpeg
"2016-05-25 00:33:53",file_upload,bla_10.yaml
"2016-05-25 01:01:25",file_upload,bla_4.csv
"2016-05-25 01:02:24",file_download,bla_4.csv
"2016-05-25 01:36:50",file_upload,bla_6.html
"2016-05-25 01:50:52",file_upload,bla_5.doc
"2016-05-25 01:59:34",file_upload,bla_5.doc
"2016-05-25 02:34:43",file_download,bla_5.doc
"2016-05-25 03:05:57",file_upload,bla_6.html
"2016-05-25 04:05:49",file_download,bla_5.doc
"2016-05-25 04:21:50",file_download,bla_3.txt
"2016-05-25 05:21:12",file_upload,bla_2.png
"2016-05-25 05:46:19",file_download,bla_4.csv
"2016-05-25 06:41:44",file_upload,bla_6.html
"2016-05-25 07:25:33",file_upload,bla_1.jpeg
"2016-05-25 07:41:02",file_download,bla_7.xml
"2016-05-25 08:36:29",file_download,bla_1.jpeg
"2016-05-25 09:24:04",file_upload,bla_7.xml
"2016-05-25 10:20:35",file_download,bla_3.txt
"2016-05-25 11:15:58",file_upload,bla_9.xls
"2016-05-25 11:27:34",file_download,bla_9.xls
"2016-05-25 12:20:47",file_upload,bla_3.txt
"2016-05-25 13:09:15",file_upload,bla_3.txt
"2016-05-25 13:10:13",file_upload,bla_9.xls
"2016-05-25 14:03:10",file_upload,bla_8.xml
"2016-05-25 15:02:22",file_upload,bla_6.html
"2016-05-25 15:46:25",file_upload,bla_7.xml
"2016-05-25 15:50:30",file_download,bla_7.xml
"2016-05-25 15:59:22",file_upload,bla_2.png
"2016-05-25 16:21:46",file_download,bla_10.yaml
"2016-05-25 16:59:24",file_upload,bla_5.doc
"2016-05-25 17:06:00",file_upload,bla_4.csv
"2016-05-25 17:44:44",file_download,bla_1.jpeg
"2016-05-25 18:34:27",file_download,bla_7.xml
"2016-05-25 19:28:04",file_upload,bla_5.doc
"2016-05-25 20:08:29",file_download,bla_9.xls
"2016-05-25 20:40:23",file_upload,bla_7.xml
"2016-05-25 21:18:23",file_upload,bla_10.yaml
"2016-05-25 21:44:44",file_download,bla_9.xls
"2016-05-25 22:32:08",file_upload,bla_4.csv
"2016-05-25 22:59:55",file_upload,bla_10.yaml
"2016-05-25 23:34:04",file_download,bla_10.yaml
"2016-05-26 00:14:17",file_upload,bla_2.png
"2016-05-26 01:13:42",file_upload,bla_8.xml
"2016-05-26 01:49:26",file_download,bla_5.doc
"2016-05-26 02:44:27",file_download,bla_4.csv
"2016-05-26 03:14:02",file_upload,bla_7.xml
"2016-05-26 03:32:23",file_upload,bla_2.png
"2016-05-26 04:07:30",file_upload,bla_10.yaml
"2016-05-26 04:34:59",file_upload,bla_10.yaml
"2016-05-26 04:53:49",file_download,bla_9.xls
"2016-05-26 05:09:53",file_upload,bla_6.html
"2016-05-26 05:45:13",file_upload,bla_9.xls
"2016-05-26 06:13:39",file_download,bla_5.doc
"2016-05-26 06:16:00",file_upload,bla_1.jpeg
"2016-05-26 07:10:28",file_download,bla_10.yaml
"2016-05-26 07:26:13",file_upload,bla_2.png
"2016-05-26 08:10:56",file_download,bla_8.xml
"2016-05-26 08:15:26",file_upload,bla_9.xls
"2016-05-26 09:00:49",file_upload,bla_5.doc
"2016-05-26 09:46:32",file_upload,bla_2.png
"2016-05-26 10:19:47",file_upload,bla_5.doc
"2016-05-26 10:39:26",file_download,bla_5.doc
"2016-05-26 11:30:09",file_download,bla_1.jpeg
"2016-05-26 12:14:48",file_upload,bla_9.xls
"2016-05-26 12:55:40",file_upload,bla_7.xml
"2016-05-26 13:07:51",file_upload,bla_5.doc
"2016-05-26 13:50:12",file_download,bla_8.xml
"2016-05-26 14:12:05",file_download,bla_7.xml
"2016-05-26 14:36:33",file_upload,bla_8.xml
"2016-05-26 15:13:02",file_download,bla_1.jpeg
"2016-05-26 15:35:11",file_download,bla_7.xml
"2016-05-26 15:52:01",file_upload,bla_4.csv
"2016-05-26 16:22:56",file_upload,bla_9.xls
"2016-05-26 17:19:51",file_upload,bla_9.xls
"2016-05-26 17:41:50",file_download,bla_8.xml
"2016-05-26 18:20:40",file_download,bla_4.csv
"2016-05-26 18:37:46",file_download,bla_5.doc
"2016-05-26 18:45:37",file_upload,bla_1.jpeg
"2016-05-26 19:29:20",file_upload,bla_1.jpeg
"2016-05-26 19:36:37",file_upload,bla_8.xml
"2016-05-26 20:06:30",file_upload,bla_7.xml
"2016-05-26 20:40:10",file_upload,bla_4.csv
"2016-05-26 21:39:25",file_upload,bla_6.html
"2016-05-26 22:30:59",file_upload,bla_8.xml
"2016-05-26 22:57:07",file_download,bla_10.yaml
"2016-05-26 23:05:51",file_upload,bla_8.xml
"2016-05-26 23:16:18",file_upload,bla_5.doc
"2016-05-26 23:47:20",file_download,bla_5.doc
"2016-05-27 00:40:05",file_download,bla_3.txt
"2016-05-27 00:57:32",file_upload,bla_1.jpeg
"2016-05-27 01:46:44",file_download,bla_6.html
"2016-05-27 02:01:49",file_upload,bla_1.jpeg
"2016-05-27 02:08:24",file_upload,bla_4.csv
"2016-05-27 03:02:34",file_upload,bla_4.csv
"2016-05-27 03:59:55",file_download,bla_2.png
"2016-05-27 04:42:59",file_download,bla_6.html
"2016-05-27 05:37:30",file_download,bla_1.jpeg
"2016-05-27 06:00:46",file_upload,bla_4.csv
"2016-05-27 06:07:33",file_download,bla_1.jpeg
"2016-05-27 06:11:55",file_upload,bla_5.doc
"2016-05-27 06:45:21",file_download,bla_10.yaml
"2016-05-27 07:24:28",file_upload,bla_2.png
"2016-05-27 07:43:52",file_upload,bla_4.csv
"2016-05-27 08:42:14",file_upload,bla_6.html
"2016-05-27 09:32:26",file_download,bla_1.jpeg
"2016-05-27 09:38:32",file_upload,bla_5.doc
"2016-05-27 09:45:34",file_download,bla_1.jpeg
"2016-05-27 10:20:00",file_upload,bla_2.png
"2016-05-27 10:21:42",file_upload,bla_10.yaml
"2016-05-27 11:00:18",file_download,bla_4.csv
"2016-05-27 11:31:54",file_upload,bla_4.csv
"2016-05-27 12:03:52",file_upload,bla_5.doc
"2016-05-27 12:58:39",file_download,bla_8.xml
"2016-05-27 13:39:38",file_upload,bla_7.xml
"2016-05-27 13:44:34",file_download,bla_1.jpeg
"2016-05-27 13:44:52",file_download,bla_6.html
"2016-05-27 14:31:13",file_upload,bla_8.xml
"2016-05-27 14:38:50",file_download,bla_3.txt
"2016-05-27 15:27:47",file_download,bla_4.csv
"2016-05-27 16:06:37",file_upload,bla_6.html
"2016-05-27 16:29:54",file_download,bla_3.txt
"2016-05-27 16:52:48",file_download,bla_1.jpeg
"2016-05-27 17:08:18",file_upload,bla_2.png
"2016-05-27 17:45:14",file_download,bla_9.xls
"2016-05-27 17:47:40",file_upload,bla_6.html
"2016-05-27 18:08:50",file_download,bla_2.png
"2016-05-27 18:35:18",file_download,bla_7.xml
"2016-05-27 19:09:17",file_download,bla_3.txt
"2016-05-27 19:39:57",file_download,bla_8.xml
"2016-05-27 20:06:47",file_upload,bla_2.png
"2016-05-27 21:00:30",file_upload,bla_7.xml
"2016-05-27 21:39:51",file_upload,bla_2.png
"2016-05-27 21:44:45",file_download,bla_5.doc
"2016-05-27 22:19:00",file_download,bla_2.png
"2016-05-27 22:58:08",file_download,bla_5.doc
"2016-05-27 23:30:33",file_upload,bla_6.html
"2016-05-28 00:02:32",file_upload,bla_7.xml
"2016-05-28 00:10:20",file_download,bla_10.yaml
"2016-05-28 00:24:56",file_upload,bla_8.xml
"2016-05-28 00:47:29",file_upload,bla_9.xls
"2016-05-28 00:56:16",file_upload,bla_10.yaml
"2016-05-28 00:58:08",file_upload,bla_7.xml
"2016-05-28 01:40:06",file_download,bla_1.jpeg
"2016-05-28 02:29:14",file_upload,bla_10.yaml
"2016-05-28 03:11:25",file_download,bla_2.png
"2016-05-28 03:52:14",file_upload,bla_9.xls
"2016-05-28 04:25:21",file_download,bla_9.xls
"2016-05-28 04:26:53",file_upload,bla_3.txt
"2016-05-28 04:55:57",file_upload,bla_1.jpeg
"2016-05-28 05:54:58",file_upload,bla_8.xml
"2016-05-28 06:44:55",file_upload,bla_7.xml
"2016-05-28 07:24:02",file_upload,bla_6.html
"2016-05-28 07:40:20",file_upload,bla_6.html
"2016-05-28 08:01:11",file_upload,bla_10.yaml
"2016-05-28 08:05:30",file_upload,bla_1.jpeg
"2016-05-28 08:56:47",file_upload,bla_5.doc
"2016-05-28 09:17:33",file_download,bla_2.png
"2016-05-28 09:58:14",file_download,bla_8.xml
"2016-05-28 10:16:19",file_upload,bla_5.doc
"2016-05-28 10:33:43",file_upload,bla_7.xml
"2016-05-28 11:03:03",file_download,bla_10.yaml
"2016-05-28 11:25:58",file_upload,bla_8.xml
"2016-05-28 11:29:07",file_download,bla_7.xml
"2016-05-28 11:35:57",file_download,bla_8.xml
"2016-05-28 12:34:49",file_upload,bla_5.doc
"2016-05-28 12:56:42",file_download,bla_1.jpeg
"2016-05-28 13:18:05",file_upload,bla_9.xls
"2016-05-28 14:17:02",file_upload,bla_6.html
"2016-05-28 14:53:17",file_upload,bla_7.xml
"2016-05-28 14:55:17",file_download,bla_3.txt
"2016-05-28 15:39:56",file_upload,bla_9.xls
"2016-05-28 15:43:05",file_upload,bla_5.doc
"2016-05-28 16:21:27",file_download,bla_2.png
"2016-05-28 16:39:05",file_upload,bla_7.xml
"2016-05-28 16:53:55",file_upload,bla_1.jpeg
"2016-05-28 17:52:43",file_upload,bla_4.csv
"2016-05-28 18:44:48",file_upload,bla_1.jpeg
"2016-05-28 19:17:56",file_download,bla_9.xls
"2016-05-28 19:41:45",file_upload,bla_1.jpeg
"2016-05-28 20:37:00",file_upload,bla_8.xml
"2016-05-28 21:11:17",file_upload,bla_7.xml
"2016-05-28 21:54:11",file_download,bla_1.jpeg
"2016-05-28 22:07:38",file_upload,bla_3.txt
"2016-05-28 22:39:33",file_download,bla_5.doc
"2016-05-28 23:11:23",file_upload,bla_2.png
"2016-05-28 23:22:41",file_upload,bla_8.xml
"2016-05-28 23:38:18",file_upload,bla_4.csv
"2016-05-29 00:36:27",file_upload,bla_10.yaml
"2016-05-29 00:38:03",file_download,bla_1.jpeg
"2016-05-29 01:30:45",file_download,bla_4.csv
"2016-05-29 02:02:58",file_upload,bla_7.xml
"2016-05-29 02:56:17",file_download,bla_1.jpeg
"2016-05-29 03:46:46",file_download,bla_5.doc
"2016-05-29 03:58:15",file_upload,bla_3.txt
"2016-05-29 04:33:20",file_download,bla_1.jpeg
"2016-05-29 05:00:09",file_upload,bla_3.txt
"2016-05-29 05:15:29",file_upload,bla_8.xml
"2016-05-29 05:17:31",file_upload,bla_8.xml
"2016-05-29 05:43:39",file_upload,bla_7.xml
"2016-05-29 06:01:39",file_upload,bla_4.csv
"2016-05-29 06:04:41",file_download,bla_1.jpeg
"2016-05-29 06:53:23",file_upload,bla_6.html
"2016-05-29 07:30:36",file_upload,bla_4.csv
"2016-05-29 08:06:51",file_upload,bla_9.xls
"2016-05-29 08:37:19",file_download,bla_9.xls
"2016-05-29 09:03:12",file_download,bla_7.xml
"2016-05-29 09:13:24",file_upload,bla_5.doc
"2016-05-29 09:14:22",file_download,bla_7.xml
"2016-05-29 09:38:52",file_upload,bla_3.txt
"2016-05-29 09:56:49",file_download,bla_9.xls
"2016-05-29 10:33:49",file_download,bla_7.xml
"2016-05-29 11:15:18",file_download,bla_2.png
"2016-05-29 11:17:18",file_download,bla_7.xml
"2016-05-29 11:36:35",file_upload,bla_3.txt
"2016-05-29 12:36:01",file_upload,bla_3.txt
"2016-05-29 12:53:13",file_upload,bla_3.txt
"2016-05-29 13:03:05",file_download,bla_3.txt
"2016-05-29 13:57:20",file_download,bla_5.doc
"2016-05-29 14:46:46",file_upload,bla_1.jpeg
"2016-05-29 15:44:16",file_upload,bla_3.txt
"2016-05-29 15:49:13",file_upload,bla_5.doc
"2016-05-29 16:46:26",file_download,bla_7.xml
"2016-05-29 16:55:16",file_upload,bla_3.txt
"2016-05-29 17:17:00",file_upload,bla_3.txt
"2016-05-29 17:51:08",file_download,bla_4.csv
"2016-05-29 18:43:41",file_upload,bla_7.xml
"2016-05-29 19:13:12",file_download,bla_8.xml
"2016-05-29 19:52:29",file_download,bla_6.html
"2016-05-29 20:46:47",file_download,bla_5.doc
"2016-05-29 21:21:27",file_download,bla_4.csv
"2016-05-29 22:14:50",file_upload,bla_9.xls
"2016-05-29 22:44:22",file_download,bla_1.jpeg
"2016-05-29 23:36:41",file_download,bla_8.xml
"2016-05-30 00:04:35",file_download,bla_7.xml
"2016-05-30 00:56:51",file_upload,bla_3.txt
"2016-05-30 00:58:43",file_upload,bla_2.png
"2016-05-30 01:43:46",file_download,bla_9.xls
"2016-05-30 02:10:25",file_download,bla_5.doc
"2016-05-30 02:38:30",file_upload,bla_3.txt
"2016-05-30 03:34:08",file_upload,bla_9.xls
"2016-05-30 03:53:32",file_download,bla_8.xml
"2016-05-30 04:48:49",file_download,bla_7.xml
"2016-05-30 05:01:30",file_upload,bla_6.html
"2016-05-30 05:21:43",file_download,bla_5.doc
"2016-05-30 06:13:56",file_download,bla_1.jpeg
"2016-05-30 07:02:06",file_upload,bla_3.txt
"2016-05-30 07:10:02",file_upload,bla_6.html
"2016-05-30 08:05:02",file_download,bla_9.xls
"2016-05-30 08:15:25",file_upload,bla_7.xml
"2016-05-30 08:45:06",file_download,bla_10.yaml
"2016-05-30 09:30:50",file_download,bla_1.jpeg
"2016-05-30 10:20:11",file_upload,bla_6.html
"2016-05-30 10:50:58",file_download,bla_2.png
"2016-05-30 11:45:11",file_download,bla_10.yaml
"2016-05-30 11:53:08",file_upload,bla_3.txt
"2016-05-30 12:35:47",file_download,bla_4.csv
"2016-05-30 13:16:04",file_upload,bla_6.html
"2016-05-30 13:42:12",file_download,bla_9.xls
"2016-05-30 14:28:39",file_upload,bla_10.yaml
"2016-05-30 15:12:55",file_upload,bla_8.xml
"2016-05-30 16:08:41",file_download,bla_5.doc
"2016-05-30 17:08:29",file_upload,bla_9.xls
"2016-05-30 17:51:36",file_upload,bla_5.doc
"2016-05-30 18:25:11",file_upload,bla_7.xml
"2016-05-30 18:29:16",file_upload,bla_9.xls
"2016-05-30 19:28:52",file_download,bla_6.html
"2016-05-30 19:58:42",file_download,bla_5.doc
"2016-05-30 20:18:40",file_upload,bla_4.csv
"2016-05-30 20:40:49",file_download,bla_3.txt
"2016-05-30 21:00:44",file_upload,bla_2.png
"2016-05-30 21:09:11",file_download,bla_4.csv
"2016-05-30 21:51:59",file_download,bla_9.xls
"2016-05-30 22:28:47",file_download,bla_8.xml
"2016-05-30 22:53:53",file_download,bla_4.csv
"2016-05-30 23:04:45",file_upload,bla_9.xls
"2016-05-30 23:56:12",file_download,bla_6.html
"2016-05-31 00:01:08",file_upload,bla_8.xml
"2016-05-31 00:10:41",file_download,bla_2.png
"2016-05-31 00:49:37",file_upload,bla_4.csv
"2016-05-31 01:14:55",file_upload,bla_4.csv
"2016-05-31 01:48:20",file_download,bla_5.doc
"2016-05-31 02:45:58",file_upload,bla_4.csv
"2016-05-31 02:50:31",file_download,bla_5.doc
"2016-05-31 03:24:14",file_upload,bla_7.xml
"2016-05-31 03:43:21",file_download,bla_3.txt
"2016-05-31 04:27:05",file_upload,bla_2.png
"2016-05-31 04:56:39",file_upload,bla_6.html
"2016-05-31 05:52:43",file_upload,bla_4.csv
"2016-05-31 06:01:39",file_download,bla_3.txt
"2016-05-31 06:53:51",file_download,bla_1.jpeg
"2016-05-31 07:19:44",file_upload,bla_5.doc
"2016-05-31 08:01:29",file_upload,bla_9.xls
"2016-05-31 08:21:13",file_download,bla_10.yaml
"2016-05-31 08:38:39",file_download,bla_3.txt
"2016-05-31 09:34:01",file_download,bla_4.csv
"2016-05-31 10:04:09",file_download,bla_1.jpeg
"2016-05-31 10:42:31",file_upload,bla_4.csv
"2016-05-31 11:06:19",file_upload,bla_5.doc
"2016-05-31 11:36:12",file_upload,bla_1.jpeg
"2016-05-31 12:06:46",file_upload,bla_5.doc
"2016-05-31 12:28:30",file_upload,bla_1.jpeg
"2016-05-31 12:34:11",file_download,bla_8.xml
"2016-05-31 12:45:30",file_download,bla_9.xls
"2016-05-31 13:07:58",file_upload,bla_9.xls
"2016-05-31 13:24:40",file_download,bla_1.jpeg
"2016-05-31 14:12:06",file_download,bla_9.xls
"2016-05-31 14:43:39",file_upload,bla_6.html
"2016-05-31 14:58:50",file_download,bla_7.xml
"2016-05-31 15:38:59",file_download,bla_10.yaml
"2016-05-31 16:02:26",file_upload,bla_10.yaml
"2016-05-31 16:34:52",file_download,bla_5.doc
"2016-05-31 17:22:57",file_upload,bla_8.xml
"2016-05-31 17:41:53",file_download,bla_7.xml
"2016-05-31 17:59:58",file_download,bla_7.xml
"2016-05-31 18:45:49",file_upload,bla_3.txt
"2016-05-31 18:56:23",file_download,bla_7.xml
"2016-05-31 19:26:21",file_upload,bla_8.xml
"2016-05-31 19:52:06",file_download,bla_2.png
"2016-05-31 20:05:48",file_download,bla_3.txt
"2016-05-31 20:07:47",file_download,bla_3.txt
"2016-05-31 20:07:52",file_upload,bla_3.txt
"2016-05-31 20:18:39",file_download,bla_1.jpeg
"2016-05-31 20:46:28",file_upload,bla_4.csv
"2016-05-31 21:18:12",file_upload,bla_9.xls
"2016-05-31 21:24:23",file_download,bla_8.xml
"2016-05-31 21:51:57",file_download,bla_5.doc
"2016-05-31 22:22:04",file_upload,bla_7.xml
"2016-05-31 22:41:14",file_upload,bla_5.doc
"2016-05-31 23:16:23",file_download,bla_3.txt
"2016-05-31 23:56:53",file_upload,bla_2.png
"2016-06-01 00:49:20",file_download,bla_1.jpeg
"2016-06-01 01:23:01",file_upload,bla_4.csv
"2016-06-01 02:06:50",file_upload,bla_3.txt
"2016-06-01 02:50:46",file_download,bla_3.txt
"2016-06-01 03:27:28",file_upload,bla_8.xml
"2016-06-01 04:22:06",file_upload,bla_6.html
"2016-06-01 04:41:12",file_download,bla_8.xml
"2016-06-01 04:43:27",file_upload,bla_4.csv
"2016-06-01 04:58:11",file_upload,bla_7.xml
"2016-06-01 05:29:36",file_download,bla_6.html
"2016-06-01 06:07:28",file_upload,bla_5.doc
"2016-06-01 06:37:18",file_upload,bla_7.xml
"2016-06-01 07:25:44",file_upload,bla_10.yaml
"2016-06-01 07:29:07",file_upload,bla_1.jpeg
"2016-06-01 07:56:05",file_download,bla_2.png
"2016-06-01 08:27:07",file_download,bla_9.xls
"2016-06-01 09:16:47",file_download,bla_5.doc
"2016-06-01 09:56:42",file_upload,bla_6.html
"2016-06-01 10:00:00",file_upload,bla_6.html
"2016-06-01 10:00:15",file_upload,bla_1.jpeg
"2016-06-01 10:20:34",file_upload,bla_4.csv
"2016-06-01 10:20:58",file_upload,bla_10.yaml
"2016-06-01 10:34:42",file_download,bla_7.xml
"2016-06-01 10:56:33",file_download,bla_9.xls
"2016-06-01 11:48:48",file_upload,bla_6.html
"2016-06-01 12:03:01",file_upload,bla_7.xml
"2016-06-01 12:18:10",file_download,bla_10.yaml
"2016-06-01 12:48:23",file_download,bla_6.html
"2016-06-01 13:15:45",file_download,bla_4.csv
"2016-06-01 13:16:28",file_upload,bla_7.xml
"2016-06-01 14:10:53",file_upload,bla_5.doc
"2016-06-01 15:00:35",file_upload,bla_8.xml
"2016-06-01 15:38:05",file_upload,bla_4.csv
"2016-06-01 16:07:22",file_download,bla_2.png
"2016-06-01 16:35:47",file_download,bla_8.xml
"2016-06-01 16:50:29",file_upload,bla_6.html
"2016-06-01 17:15:03",file_download,bla_1.jpeg
"2016-06-01 17:34:21",file_upload,bla_3.txt
"2016-06-01 18:18:21",file_upload,bla_9.xls
"2016-06-01 18:27:56",file_download,bla_7.xml
"2016-06-01 18:48:21",file_upload,bla_1.jpeg
"2016-06-01 19:28:29",file_download,bla_3.txt
"2016-06-01 20:26:33",file_upload,bla_3.txt
"2016-06-01 20:55:16",file_download,bla_3.txt
"2016-06-01 21:22:11",file_download,bla_9.xls
"2016-06-01 21:33:21",file_upload,bla_2.png
"2016-06-01 22:30:51",file_download,bla_1.jpeg
"2016-06-01 23:07:20",file_upload,bla_9.xls
"2016-06-01 23:23:18",file_download,bla_10.yaml
"2016-06-01 23:25:05",file_download,bla_3.txt
"2016-06-02 00:24:14",file_upload,bla_8.xml
"2016-06-02 00:51:30",file_download,bla_9.xls
"2016-06-02 01:40:56",file_download,bla_9.xls
"2016-06-02 02:32:15",file_upload,bla_6.html
"2016-06-02 03:22:09",file_download,bla_5.doc
"2016-06-02 03:47:35",file_download,bla_7.xml
"2016-06-02 04:26:46",file_download,bla_3.txt
"2016-06-02 05:15:58",file_upload,bla_4.csv
"2016-06-02 06:02:35",file_upload,bla_5.doc
"2016-06-02 06:27:56",file_download,bla_6.html
"2016-06-02 07:15:02",file_upload,bla_4.csv
"2016-06-02 07:49:47",file_download,bla_7.xml
"2016-06-02 08:25:59",file_download,bla_1.jpeg
"2016-06-02 09:17:23",file_upload,bla_3.txt
"2016-06-02 10:02:27",file_download,bla_2.png
"2016-06-02 10:19:50",file_download,bla_9.xls
"2016-06-02 10:55:20",file_download,bla_7.xml
"2016-06-02 11:33:18",file_download,bla_8.xml
"2016-06-02 12:08:14",file_upload,bla_8.xml
"2016-06-02 12:44:42",file_upload,bla_9.xls
"2016-06-02 13:16:06",file_download,bla_4.csv
"2016-06-02 13:25:30",file_upload,bla_9.xls
"2016-06-02 14:14:06",file_download,bla_10.yaml
"2016-06-02 14:55:28",file_download,bla_10.yaml
"2016-06-02 15:36:15",file_upload,bla_6.html
"2016-06-02 15:56:21",file_download,bla_7.xml
"2016-06-02 16:24:16",file_upload,bla_1.jpeg
"2016-06-02 16:35:44",file_upload,bla_2.png
"2016-06-02 17:26:15",file_download,bla_4.csv
"2016-06-02 18:00:41",file_upload,bla_8.xml
"2016-06-02 18:05:28",file_upload,bla_9.xls
"2016-06-02 18:21:36",file_upload,bla_10.yaml
"2016-06-02 18:39:05",file_download,bla_4.csv
"2016-06-02 19:25:52",file_download,bla_5.doc
"2016-06-02 20:06:55",file_download,bla_7.xml
"2016-06-02 20:41:39",file_download,bla_1.jpeg
"2016-06-02 21:30:12",file_download,bla_6.html
"2016-06-02 21:51:42",file_download,bla_3.txt
"2016-06-02 22:40:19",file_download,bla_3.txt
"2016-06-02 22:56:59",file_download,bla_10.yaml
"2016-06-02 23:37:34",file_download,bla_5.doc
"2016-06-02 23:50:33",file_download,bla_5.doc
"2016-06-03 00:19:54",file_download,bla_9.xls
"2016-06-03 00:21:12",file_upload,bla_7.xml
"2016-06-03 01:01:40",file_upload,bla_1.jpeg
"2016-06-03 01:47:16",file_upload,bla_6.html
"2016-06-03 02:02:23",file_download,bla_3.txt
"2016-06-03 03:00:23",file_upload,bla_5.doc
"2016-06-03 03:05:28",file_upload,bla_10.yaml
"2016-06-03 03:59:11",file_download,bla_9.xls
"2016-06-03 04:06:59",file_upload,bla_8.xml
"2016-06-03 04:53:07",file_upload,bla_3.txt
"2016-06-03 05:34:26",file_upload,bla_2.png
"2016-06-03 05:36:10",file_download,bla_10.yaml
"2016-06-03 06:15:27",file_upload,bla_2.png
"2016-06-03 06:50:33",file_download,bla_5.doc
"2016-06-03 07:36:33",file_upload,bla_2.png
"2016-06-03 07:40:32",file_upload,bla_10.yaml
"2016-06-03 08:31:57",file_upload,bla_7.xml
"2016-06-03 08:36:12",file_upload,bla_1.jpeg
"2016-06-03 08:42:15",file_upload,bla_1.jpeg
"2016-06-03 09:07:08",file_upload,bla_6.html
"2016-06-03 09:23:13",file_upload,bla_2.png
"2016-06-03 09:46:12",file_upload,bla_5.doc
"2016-06-03 10:44:31",file_download,bla_4.csv
"2016-06-03 11:43:18",file_download,bla_10.yaml
"2016-06-03 12:38:29",file_upload,bla_9.xls
"2016-06-03 12:49:09",file_upload,bla_4.csv
"2016-06-03 12:58:51",file_download,bla_1.jpeg
"2016-06-03 13:08:56",file_download,bla_8.xml
"2016-06-03 13:29:29",file_upload,bla_7.xml
"2016-06-03 14:06:08",file_upload,bla_5.doc
"2016-06-03 15:03:11",file_upload,bla_8.xml
"2016-06-03 15:56:18",file_upload,bla_2.png
"2016-06-03 16:30:24",file_download,bla_7.xml
"2016-06-03 16:50:45",file_upload,bla_5.doc
"2016-06-03 16:58:00",file_upload,bla_5.doc
"2016-06-03 17:30:18",file_upload,bla_8.xml
"2016-06-03 17:37:59",file_download,bla_7.xml
"2016-06-03 18:09:05",file_download,bla_9.xls
"2016-06-03 19:06:16",file_upload,bla_7.xml
"2016-06-03 19:08:15",file_upload,bla_9.xls
"2016-06-03 19:11:26",file_upload,bla_2.png
"2016-06-03 19:59:44",file_download,bla_6.html
"2016-06-03 20:13:27",file_download,bla_4.csv
"2016-06-03 21:00:00",file_download,bla_9.xls
"2016-06-03 21:52:28",file_download,bla_7.xml
"2016-06-03 22:13:48",file_upload,bla_9.xls
"2016-06-03 22:27:31",file_upload,bla_2.png
"2016-06-03 23:07:54",file_download,bla_2.png
"2016-06-03 23:45:19",file_upload,bla_7.xml
"2016-06-04 00:34:52",file_upload,bla_9.xls
"2016-06-04 01:18:57",file_download,bla_2.png
"2016-06-04 01:26:47",file_download,bla_3.txt
"2016-06-04 02:16:41",file_upload,bla_9.xls
"2016-06-04 02:39:02",file_upload,bla_8.xml
"2016-06-04 02:40:42",file_upload,bla_7.xml
"2016-06-04 02:44:00",file_download,bla_4.csv
"2016-06-04 03:15:48",file_upload,bla_5.doc
"2016-06-04 03:54:53",file_download,bla_7.xml
"2016-06-04 04:48:14",file_download,bla_10.yaml
"2016-06-04 05:39:23",file_download,bla_2.png
"2016-06-04 05:54:22",file_upload,bla_4.csv
"2016-06-04 06:43:30",file_download,bla_8.xml
"2016-06-04 07:19:31",file_download,bla_5.doc
"2016-06-04 07:45:17",file_download,bla_8.xml
"2016-06-04 07:46:38",file_download,bla_8.xml
"2016-06-04 08:18:31",file_download,bla_2.png
"2016-06-04 09:15:03",file_upload,bla_2.png
"2016-06-04 09:26:33",file_upload,bla_9.xls
"2016-06-04 09:49:17",file_upload,bla_6.html
"2016-06-04 10:45:59",file_download,bla_2.png
"2016-06-04 10:57:45",file_upload,bla_7.xml
"2016-06-04 11:00:30",file_upload,bla_7.xml
"2016-06-04 11:21:33",file_upload,bla_9.xls
"2016-06-04 12:04:31",file_upload,bla_7.xml
"2016-06-04 12:13:08",file_upload,bla_10.yaml
"2016-06-04 12:37:01",file_download,bla_7.xml
"2016-06-04 13:05:10",file_upload,bla_7.xml
"2016-06-04 13:05:14",file_upload,bla_2.png
"2016-06-04 13:09:10",file_upload,bla_6.html
"2016-06-04 13:18:26",file_download,bla_2.png
"2016-06-04 14:04:20",file_upload,bla_1.jpeg
"2016-06-04 14:31:41",file_upload,bla_5.doc
"2016-06-04 15:16:17",file_upload,bla_6.html
"2016-06-04 15:59:34",file_download,bla_8.xml
"2016-06-04 16:45:46",file_download,bla_9.xls
"2016-06-04 16:59:58",file_upload,bla_1.jpeg
"2016-06-04 17:27:28",file_download,bla_5.doc
"2016-06-04 17:27:47",file_download,bla_7.xml
"2016-06-04 17:58:42",file_upload,bla_5.doc
"2016-06-04 18:58:42",file_upload,bla_8.xml
"2016-06-04 19:58:12",file_upload,bla_3.txt
"2016-06-04 20:22:56",file_upload,bla_5.doc
"2016-06-04 20:54:51",file_download,bla_5.doc
"2016-06-04 21:48:58",file_upload,bla_1.jpeg
"2016-06-04 22:26:27",file_download,bla_5.doc
"2016-06-04 23:17:21",file_download,bla_3.txt
"2016-06-05 00:08:26",file_download,bla_4.csv
"2016-06-05 00:44:22",file_download,bla_8.xml
"2016-06-05 00:52:40",file_upload,bla_3.txt
"2016-06-05 01:35:52",file_upload,bla_9.xls
"2016-06-05 01:36:10",file_upload,bla_8.xml
"2016-06-05 01:50:59",file_upload,bla_4.csv
"2016-06-05 02:39:51",file_upload,bla_1.jpeg
"2016-06-05 03:35:51",file_download,bla_4.csv
"2016-06-05 03:37:16",file_upload,bla_1.jpeg
"2016-06-05 04:07:25",file_download,bla_8.xml
"2016-06-05 04:33:26",file_upload,bla_9.xls
"2016-06-05 05:27:08",file_download,bla_4.csv
"2016-06-05 05:53:28",file_upload,bla_10.yaml
"2016-06-05 06:24:46",file_upload,bla_4.csv
"2016-06-05 06:41:25",file_download,bla_3.txt
"2016-06-05 07:12:04",file_download,bla_1.jpeg
"2016-06-05 07:28:58",file_upload,bla_8.xml
"2016-06-05 08:26:36",file_download,bla_10.yaml
"2016-06-05 08:34:14",file_download,bla_4.csv
"2016-06-05 08:45:28",file_download,bla_2.png
"2016-06-05 08:50:29",file_download,bla_3.txt
"2016-06-05 09:49:02",file_upload,bla_2.png
"2016-06-05 10:04:53",file_upload,bla_6.html
"2016-06-05 10:54:43",file_upload,bla_8.xml
"2016-06-05 11:47:15",file_download,bla_8.xml
"2016-06-05 12:00:40",file_download,bla_8.xml
"2016-06-05 12:28:49",file_download,bla_9.xls
"2016-06-05 13:19:37",file_upload,bla_6.html
"2016-06-05 13:30:58",file_download,bla_1.jpeg
"2016-06-05 14:22:34",file_upload,bla_1.jpeg
"2016-06-05 14:24:01",file_download,bla_10.yaml
"2016-06-05 14:32:33",file_download,bla_7.xml
"2016-06-05 14:35:53",file_upload,bla_3.txt
"2016-06-05 15:08:21",file_download,bla_2.png
"2016-06-05 15:50:56",file_download,bla_8.xml
"2016-06-05 15:58:20",file_download,bla_8.xml
"2016-06-05 15:58:41",file_download,bla_4.csv
"2016-06-05 16:24:06",file_download,bla_5.doc
"2016-06-05 17:12:33",file_upload,bla_9.xls
"2016-06-05 17:54:19",file_upload,bla_10.yaml
"2016-06-05 17:58:36",file_download,bla_6.html
"2016-06-05 18:08:25",file_upload,bla_7.xml
"2016-06-05 18:14:20",file_upload,bla_3.txt
"2016-06-05 18:30:21",file_download,bla_10.yaml
"2016-06-05 19:17:22",file_upload,bla_7.xml
"2016-06-05 20:12:23",file_download,bla_4.csv
"2016-06-05 21:04:15",file_upload,bla_5.doc
"2016-06-05 21:48:47",file_download,bla_9.xls
"2016-06-05 21:59:11",file_download,bla_9.xls
"2016-06-05 22:19:37",file_download,bla_4.csv
"2016-06-05 23:12:47",file_download,bla_6.html
"2016-06-05 23:44:28",file_upload,bla_5.doc
"2016-06-06 00:30:47",file_upload,bla_1.jpeg
"2016-06-06 01:06:11",file_download,bla_2.png
"2016-06-06 01:32:52",file_upload,bla_10.yaml
"2016-06-06 02:04:42",file_download,bla_8.xml
"2016-06-06 02:41:22",file_upload,bla_5.doc
"2016-06-06 03:00:42",file_upload,bla_6.html
"2016-06-06 03:20:00",file_upload,bla_9.xls
"2016-06-06 03:29:22",file_upload,bla_6.html
"2016-06-06 03:42:39",file_download,bla_9.xls
"2016-06-06 04:24:14",file_upload,bla_1.jpeg
"2016-06-06 05:12:09",file_download,bla_8.xml
"2016-06-06 05:30:49",file_upload,bla_9.xls
"2016-06-06 06:08:54",file_download,bla_6.html
"2016-06-06 06:30:25",file_download,bla_6.html
"2016-06-06 07:09:47",file_download,bla_7.xml
"2016-06-06 07:33:53",file_upload,bla_5.doc
"2016-06-06 07:56:48",file_upload,bla_4.csv
"2016-06-06 08:25:19",file_download,bla_4.csv
"2016-06-06 08:35:51",file_download,bla_10.yaml
"2016-06-06 08:55:53",file_upload,bla_4.csv
"2016-06-06 09:25:33",file_upload,bla_5.doc
"2016-06-06 10:07:32",file_upload,bla_5.doc
"2016-06-06 10:15:51",file_upload,bla_10.yaml
"2016-06-06 10:46:42",file_upload,bla_4.csv
"2016-06-06 11:16:54",file_upload,bla_8.xml
"2016-06-06 11:28:09",file_download,bla_3.txt
"2016-06-06 12:17:44",file_upload,bla_10.yaml
"2016-06-06 13:08:39",file_download,bla_6.html
"2016-06-06 13:35:03",file_upload,bla_4.csv
"2016-06-06 14:10:46",file_upload,bla_7.xml
"2016-06-06 14:11:57",file_download,bla_1.jpeg
"2016-06-06 14:56:35",file_download,bla_7.xml
"2016-06-06 15:46:43",file_upload,bla_3.txt
"2016-06-06 15:51:29",file_download,bla_1.jpeg
"2016-06-06 15:51:30",file_upload,bla_9.xls
"2016-06-06 15:57:51",file_upload,bla_7.xml
"2016-06-06 16:41:08",file_download,bla_6.html
"2016-06-06 16:58:53",file_download,bla_4.csv
"2016-06-06 17:31:51",file_download,bla_3.txt
"2016-06-06 17:52:18",file_download,bla_5.doc
"2016-06-06 18:30:01",file_download,bla_2.png
"2016-06-06 18:54:04",file_download,bla_9.xls
"2016-06-06 19:50:56",file_upload,bla_10.yaml
"2016-06-06 20:12:14",file_download,bla_10.yaml
"2016-06-06 20:47:34",file_upload,bla_3.txt
"2016-06-06 20:50:37",file_download,bla_8.xml
"2016-06-06 21:49:15",file_upload,bla_9.xls
"2016-06-06 22:22:33",file_download,bla_1.jpeg
"2016-06-06 22:30:31",file_download,bla_8.xml
"2016-06-06 22:54:39",file_upload,bla_2.png
"2016-06-06 23:49:47",file_upload,bla_6.html
"2016-06-07 00:40:35",file_download,bla_8.xml
"2016-06-07 00:58:07",file_download,bla_8.xml
"2016-06-07 01:04:46",file_upload,bla_2.png
"2016-06-07 01:37:59",file_download,bla_10.yaml
"2016-06-07 02:16:09",file_download,bla_7.xml
"2016-06-07 02:52:02",file_upload,bla_2.png
"2016-06-07 03:12:01",file_upload,bla_1.jpeg
"2016-06-07 03:21:49",file_download,bla_8.xml
"2016-06-07 04:11:38",file_upload,bla_2.png
"2016-06-07 04:16:31",file_download,bla_3.txt
"2016-06-07 05:00:02",file_download,bla_8.xml
"2016-06-07 05:31:45",file_download,bla_10.yaml
"2016-06-07 06:21:50",file_download,bla_7.xml
"2016-06-07 06:38:16",file_download,bla_8.xml
"2016-06-07 07:04:53",file_download,bla_8.xml
"2016-06-07 08:00:45",file_upload,bla_1.jpeg
"2016-06-07 08:34:07",file_download,bla_5.doc
"2016-06-07 08:46:31",file_upload,bla_1.jpeg
"2016-06-07 08:55:11",file_download,bla_10.yaml
"2016-06-07 09:04:18",file_download,bla_1.jpeg
"2016-06-07 09:28:19",file_download,bla_2.png
"2016-06-07 09:52:58",file_download,bla_8.xml
"2016-06-07 10:52:00",file_upload,bla_7.xml
"2016-06-07 11:20:20",file_upload,bla_6.html
"2016-06-07 11:36:47",file_upload,bla_10.yaml
"2016-06-07 12:31:52",file_download,bla_4.csv
"2016-06-07 13:08:58",file_download,bla_8.xml
"2016-06-07 13:49:23",file_upload,bla_5.doc
"2016-06-07 14:24:23",file_upload,bla_6.html
"2016-06-07 14:39:55",file_download,bla_5.doc
"2016-06-07 14:52:09",file_upload,bla_9.xls
"2016-06-07 14:54:22",file_download,bla_5.doc
"2016-06-07 15:08:25",file_upload,bla_10.yaml
"2016-06-07 15:36:19",file_upload,bla_4.csv
"2016-06-07 16:00:08",file_upload,bla_7.xml
"2016-06-07 16:20:46",file_upload,bla_5.doc
"2016-06-07 16:58:46",file_upload,bla_9.xls
"2016-06-07 17:02:50",file_download,bla_10.yaml
"2016-06-07 17:24:03",file_upload,bla_7.xml
"2016-06-07 18:16:34",file_download,bla_1.jpeg
"2016-06-07 18:57:46",file_upload,bla_6.html
"2016-06-07 19:03:39",file_upload,bla_5.doc
"2016-06-07 19:47:28",file_download,bla_8.xml
"2016-06-07 20:12:13",file_download,bla_3.txt
"2016-06-07 21:00:15",file_download,bla_6.html
"2016-06-07 21:05:30",file_download,bla_7.xml
"2016-06-07 21:46:28",file_upload,bla_4.csv
"2016-06-07 22:00:40",file_upload,bla_7.xml
"2016-06-07 22:53:32",file_download,bla_2.png
"2016-06-07 22:57:34",file_download,bla_9.xls
"2016-06-07 23:49:39",file_upload,bla_4.csv
"2016-06-07 23:57:25",file_download,bla_2.png
"2016-06-08 00:17:31",file_upload,bla_9.xls
"2016-06-08 00:51:36",file_upload,bla_8.xml
"2016-06-08 01:18:07",file_upload,bla_3.txt
"2016-06-08 01:40:25",file_download,bla_5.doc
"2016-06-08 01:44:30",file_upload,bla_9.xls
"2016-06-08 02:21:49",file_upload,bla_8.xml
"2016-06-08 02:25:28",file_download,bla_8.xml
"2016-06-08 03:10:10",file_download,bla_5.doc
"2016-06-08 03:39:22",file_upload,bla_9.xls
"2016-06-08 04:24:57",file_download,bla_6.html
"2016-06-08 05:17:47",file_download,bla_4.csv
"2016-06-08 05:49:36",file_download,bla_8.xml
"2016-06-08 06:19:25",file_download,bla_1.jpeg
"2016-06-08 06:20:11",file_upload,bla_5.doc
"2016-06-08 06:53:40",file_upload,bla_1.jpeg
"2016-06-08 07:24:12",file_download,bla_3.txt
"2016-06-08 07:54:31",file_download,bla_10.yaml
"2016-06-08 08:49:16",file_upload,bla_2.png
"2016-06-08 09:04:13",file_upload,bla_3.txt
"2016-06-08 10:01:56",file_download,bla_7.xml
"2016-06-08 10:27:01",file_upload,bla_9.xls
"2016-06-08 10:56:24",file_upload,bla_2.png
"2016-06-08 11:33:00",file_upload,bla_7.xml
"2016-06-08 12:13:16",file_upload,bla_10.yaml
"2016-06-08 12:51:45",file_download,bla_4.csv
"2016-06-08 13:08:18",file_download,bla_10.yaml
"2016-06-08 13:56:08",file_upload,bla_9.xls
"2016-06-08 14:51:11",file_download,bla_7.xml
"2016-06-08 14:56:04",file_upload,bla_7.xml
"2016-06-08 15:14:13",file_download,bla_1.jpeg
"2016-06-08 15:42:13",file_download,bla_8.xml
"2016-06-08 16:11:08",file_download,bla_8.xml
"2016-06-08 16:19:48",file_upload,bla_4.csv
"2016-06-08 16:25:50",file_download,bla_2.png
"2016-06-08 17:12:20",file_upload,bla_7.xml
"2016-06-08 17:51:06",file_upload,bla_8.xml
"2016-06-08 18:35:19",file_download,bla_6.html
"2016-06-08 19:17:23",file_upload,bla_6.html
"2016-06-08 19:40:04",file_download,bla_6.html
"2016-06-08 19:51:32",file_download,bla_8.xml
"2016-06-08 20:07:26",file_download,bla_1.jpeg
"2016-06-08 20:45:35",file_download,bla_1.jpeg
"2016-06-08 21:11:32",file_upload,bla_9.xls
"2016-06-08 21:35:26",file_download,bla_4.csv
"2016-06-08 22:13:31",file_upload,bla_10.yaml
"2016-06-08 23:09:40",file_download,bla_9.xls
"2016-06-08 23:45:19",file_download,bla_4.csv
"2016-06-08 23:48:15",file_upload,bla_5.doc
"2016-06-09 00:03:24",file_download,bla_10.yaml
"2016-06-09 00:11:20",file_download,bla_8.xml
"2016-06-09 00:12:30",file_download,bla_7.xml
"2016-06-09 00:37:56",file_download,bla_7.xml
"2016-06-09 00:39:24",file_download,bla_1.jpeg
"2016-06-09 00:54:47",file_upload,bla_2.png
"2016-06-09 01:16:41",file_download,bla_5.doc
"2016-06-09 01:34:59",file_upload,bla_10.yaml
"2016-06-09 01:56:25",file_upload,bla_1.jpeg
"2016-06-09 02:46:47",file_download,bla_7.xml
"2016-06-09 03:33:58",file_download,bla_3.txt
"2016-06-09 04:32:21",file_upload,bla_10.yaml
"2016-06-09 04:41:45",file_download,bla_1.jpeg
"2016-06-09 05:36:31",file_download,bla_7.xml
"2016-06-09 06:32:56",file_upload,bla_10.yaml
"2016-06-09 06:45:30",file_download,bla_6.html
"2016-06-09 07:35:15",file_upload,bla_7.xml
"2016-06-09 07:35:43",file_upload,bla_10.yaml
"2016-06-09 08:34:42",file_upload,bla_1.jpeg
"2016-06-09 08:52:26",file_upload,bla_5.doc
"2016-06-09 09:09:17",file_download,bla_2.png
"2016-06-09 09:18:36",file_upload,bla_8.xml
"2016-06-09 09:52:50",file_upload,bla_3.txt
"2016-06-09 09:53:35",file_download,bla_6.html
"2016-06-09 10:48:41",file_upload,bla_2.png
"2016-06-09 11:41:53",file_download,bla_9.xls
"2016-06-09 12:33:26",file_upload,bla_2.png
"2016-06-09 13:11:55",file_download,bla_4.csv
"2016-06-09 13:50:45",file_download,bla_9.xls
"2016-06-09 14:04:46",file_download,bla_6.html
"2016-06-09 14:35:05",file_upload,bla_6.html
"2016-06-09 15:32:55",file_upload,bla_1.jpeg
"2016-06-09 16:25:23",file_download,bla_8.xml
"2016-06-09 17:09:00",file_upload,bla_8.xml
"2016-06-09 17:48:54",file_download,bla_9.xls
"2016-06-09 18:04:33",file_upload,bla_1.jpeg
"2016-06-09 18:34:54",file_download,bla_1.jpeg
"2016-06-09 18:58:46",file_upload,bla_5.doc
"2016-06-09 19:58:27",file_upload,bla_1.jpeg
"2016-06-09 20:17:16",file_upload,bla_5.doc
"2016-06-09 21:14:09",file_upload,bla_6.html
"2016-06-09 22:00:49",file_download,bla_7.xml
"2016-06-09 22:39:51",file_upload,bla_5.doc
"2016-06-09 23:04:04",file_download,bla_7.xml
"2016-06-09 23:10:28",file_download,bla_3.txt
"2016-06-10 00:04:21",file_download,bla_7.xml
"2016-06-10 00:21:41",file_download,bla_1.jpeg
"2016-06-10 00:40:24",file_upload,bla_9.xls
"2016-06-10 01:03:43",file_download,bla_10.yaml
"2016-06-10 01:21:07",file_upload,bla_1.jpeg
"2016-06-10 01:25:04",file_download,bla_3.txt
"2016-06-10 01:44:16",file_upload,bla_6.html
"2016-06-10 02:26:15",file_download,bla_7.xml
"2016-06-10 03:25:19",file_download,bla_3.txt
"2016-06-10 04:03:35",file_download,bla_9.xls
"2016-06-10 04:16:07",file_download,bla_7.xml
"2016-06-10 04:42:54",file_upload,bla_2.png
"2016-06-10 05:13:40",file_download,bla_1.jpeg
"2016-06-10 05:23:19",file_download,bla_4.csv
"2016-06-10 05:38:54",file_download,bla_9.xls
"2016-06-10 06:11:00",file_upload,bla_6.html
"2016-06-10 07:05:23",file_upload,bla_8.xml
"2016-06-10 07:22:52",file_download,bla_6.html
"2016-06-10 07:38:06",file_download,bla_1.jpeg
"2016-06-10 08:00:24",file_download,bla_5.doc
"2016-06-10 08:42:12",file_upload,bla_1.jpeg
"2016-06-10 08:53:20",file_download,bla_1.jpeg
"2016-06-10 09:21:42",file_download,bla_9.xls
"2016-06-10 10:13:27",file_upload,bla_1.jpeg
"2016-06-10 11:08:19",file_upload,bla_3.txt
"2016-06-10 11:38:18",file_download,bla_6.html
"2016-06-10 12:20:09",file_download,bla_3.txt
"2016-06-10 12:44:59",file_download,bla_10.yaml
"2016-06-10 12:50:28",file_upload,bla_2.png
"2016-06-10 13:13:52",file_upload,bla_7.xml
"2016-06-10 13:26:26",file_upload,bla_8.xml
"2016-06-10 14:22:21",file_upload,bla_5.doc
"2016-06-10 14:37:52",file_download,bla_10.yaml
"2016-06-10 15:08:37",file_upload,bla_1.jpeg
"2016-06-10 15:55:59",file_download,bla_6.html
"2016-06-10 16:45:23",file_download,bla_1.jpeg
"2016-06-10 17:42:13",file_download,bla_6.html
"2016-06-10 17:43:39",file_download,bla_4.csv
"2016-06-10 18:26:49",file_download,bla_10.yaml
"2016-06-10 19:26:27",file_upload,bla_1.jpeg
"2016-06-10 19:37:45",file_download,bla_3.txt
"2016-06-10 20:12:34",file_upload,bla_3.txt
"2016-06-10 20:59:22",file_download,bla_2.png
"2016-06-10 21:50:21",file_download,bla_1.jpeg
"2016-06-10 22:21:10",file_upload,bla_7.xml
"2016-06-10 22:41:26",file_upload,bla_4.csv
"2016-06-10 22:56:36",file_download,bla_6.html
"2016-06-10 23:14:28",file_download,bla_1.jpeg
"2016-06-11 00:11:43",file_upload,bla_3.txt
"2016-06-11 01:08:52",file_upload,bla_6.html
"2016-06-11 02:04:00",file_download,bla_4.csv
"2016-06-11 02:48:37",file_download,bla_10.yaml
"2016-06-11 02:51:06",file_download,bla_8.xml
"2016-06-11 03:25:58",file_upload,bla_1.jpeg
"2016-06-11 03:29:33",file_upload,bla_10.yaml
"2016-06-11 03:35:11",file_download,bla_9.xls
"2016-06-11 04:23:33",file_download,bla_4.csv
"2016-06-11 05:16:19",file_download,bla_10.yaml
"2016-06-11 05:43:42",file_upload,bla_4.csv
"2016-06-11 06:28:59",file_upload,bla_3.txt
"2016-06-11 07:15:47",file_download,bla_9.xls
"2016-06-11 07:16:02",file_download,bla_7.xml
"2016-06-11 07:39:26",file_upload,bla_3.txt
"2016-06-11 08:17:22",file_upload,bla_5.doc
"2016-06-11 09:17:00",file_upload,bla_7.xml
"2016-06-11 09:53:41",file_download,bla_10.yaml
"2016-06-11 10:32:13",file_upload,bla_6.html
"2016-06-11 10:40:11",file_download,bla_1.jpeg
"2016-06-11 11:38:57",file_download,bla_5.doc
"2016-06-11 12:30:22",file_upload,bla_3.txt
"2016-06-11 13:00:00",file_upload,bla_8.xml
"2016-06-11 13:09:46",file_upload,bla_3.txt
"2016-06-11 13:55:49",file_upload,bla_6.html
"2016-06-11 14:19:40",file_download,bla_7.xml
"2016-06-11 15:03:15",file_upload,bla_10.yaml
"2016-06-11 15:10:56",file_download,bla_8.xml
"2016-06-11 16:04:19",file_download,bla_7.xml
"2016-06-11 16:27:41",file_download,bla_4.csv
"2016-06-11 17:04:57",file_upload,bla_8.xml
"2016-06-11 18:01:04",file_download,bla_6.html
"2016-06-11 18:23:42",file_download,bla_2.png
"2016-06-11 18:53:01",file_upload,bla_4.csv
"2016-06-11 19:50:33",file_upload,bla_1.jpeg
"2016-06-11 20:50:00",file_upload,bla_5.doc
"2016-06-11 21:35:40",file_upload,bla_8.xml
"2016-06-11 22:26:46",file_upload,bla_10.yaml
"2016-06-11 22:28:04",file_download,bla_5.doc
"2016-06-11 22:40:05",file_upload,bla_5.doc
"2016-06-11 22:44:27",file_upload,bla_9.xls
"2016-06-11 22:52:31",file_download,bla_3.txt
"2016-06-11 23:27:55",file_upload,bla_10.yaml
"2016-06-12 00:26:09",file_upload,bla_5.doc
"2016-06-12 01:16:45",file_upload,bla_1.jpeg
"2016-06-12 01:46:21",file_download,bla_5.doc
"2016-06-12 02:43:06",file_upload,bla_1.jpeg
"2016-06-12 02:55:33",file_upload,bla_4.csv
"2016-06-12 03:01:48",file_download,bla_8.xml
"2016-06-12 03:36:54",file_upload,bla_7.xml
"2016-06-12 04:29:05",file_upload,bla_10.yaml
"2016-06-12 04:48:08",file_upload,bla_10.yaml
"2016-06-12 05:11:20",file_upload,bla_8.xml
"2016-06-12 05:45:14",file_download,bla_2.png
"2016-06-12 06:23:50",file_upload,bla_10.yaml
"2016-06-12 06:36:14",file_download,bla_5.doc
"2016-06-12 07:19:32",file_download,bla_3.txt
"2016-06-12 07:24:56",file_download,bla_9.xls
"2016-06-12 07:27:47",file_download,bla_3.txt
"2016-06-12 07:44:40",file_download,bla_4.csv
"2016-06-12 08:23:07",file_download,bla_1.jpeg
"2016-06-12 08:42:05",file_upload,bla_2.png
"2016-06-12 09:03:56",file_download,bla_3.txt
"2016-06-12 09:30:49",file_upload,bla_9.xls
"2016-06-12 09:41:19",file_upload,bla_5.doc
"2016-06-12 10:35:18",file_upload,bla_10.yaml
"2016-06-12 10:57:45",file_upload,bla_2.png
"2016-06-12 11:04:31",file_download,bla_8.xml
"2016-06-12 11:55:52",file_upload,bla_3.txt
"2016-06-12 12:55:42",file_download,bla_8.xml
"2016-06-12 13:17:13",file_download,bla_4.csv
"2016-06-12 13:28:07",file_download,bla_1.jpeg
"2016-06-12 14:10:59",file_download,bla_7.xml
"2016-06-12 14:26:51",file_download,bla_4.csv
"2016-06-12 14:32:47",file_upload,bla_9.xls
"2016-06-12 14:36:28",file_download,bla_5.doc
"2016-06-12 14:53:23",file_download,bla_6.html
"2016-06-12 15:44:51",file_download,bla_3.txt
"2016-06-12 16:37:26",file_upload,bla_4.csv
"2016-06-12 17:16:53",file_download,bla_2.png
"2016-06-12 17:52:15",file_upload,bla_3.txt
"2016-06-12 18:18:16",file_upload,bla_3.txt
"2016-06-12 18:46:36",file_download,bla_7.xml
"2016-06-12 19:09:13",file_upload,bla_8.xml
"2016-06-12 19:19:21",file_upload,bla_4.csv
"2016-06-12 19:28:14",file_download,bla_9.xls
"2016-06-12 19:38:17",file_download,bla_6.html
"2016-06-12 19:45:49",file_upload,bla_4.csv
"2016-06-12 19:48:52",file_upload,bla_3.txt
"2016-06-12 20:28:19",file_upload,bla_9.xls
"2016-06-12 21:12:57",file_upload,bla_9.xls
"2016-06-12 21:31:32",file_upload,bla_8.xml
"2016-06-12 22:17:32",file_upload,bla_8.xml
"2016-06-12 22:24:37",file_upload,bla_9.xls
"2016-06-12 22:53:33",file_upload,bla_2.png
"2016-06-12 23:43:42",file_download,bla_1.jpeg
"2016-06-13 00:04:34",file_upload,bla_1.jpeg
"2016-06-13 00:15:43",file_upload,bla_6.html
"2016-06-13 00:25:34",file_download,bla_6.html
"2016-06-13 00:32:09",file_upload,bla_10.yaml
"2016-06-13 00:51:41",file_download,bla_1.jpeg
"2016-06-13 00:52:44",file_upload,bla_5.doc
"2016-06-13 00:56:58",file_upload,bla_6.html
"2016-06-13 00:59:15",file_upload,bla_5.doc
"2016-06-13 01:43:06",file_upload,bla_10.yaml
"2016-06-13 01:59:15",file_download,bla_4.csv
"2016-06-13 02:58:13",file_download,bla_2.png
"2016-06-13 02:59:51",file_upload,bla_4.csv
"2016-06-13 03:05:34",file_download,bla_6.html
"2016-06-13 03:11:23",file_upload,bla_9.xls
"2016-06-13 03:22:18",file_upload,bla_9.xls
"2016-06-13 04:21:16",file_download,bla_8.xml
"2016-06-13 04:48:16",file_upload,bla_1.jpeg
"2016-06-13 04:57:42",file_download,bla_8.xml
"2016-06-13 05:24:41",file_download,bla_9.xls
"2016-06-13 05:43:22",file_download,bla_4.csv
"2016-06-13 06:02:56",file_download,bla_4.csv
"2016-06-13 06:39:18",file_upload,bla_5.doc
"2016-06-13 06:43:19",file_upload,bla_5.doc
"2016-06-13 07:38:29",file_upload,bla_3.txt
"2016-06-13 08:23:46",file_upload,bla_8.xml
"2016-06-13 08:29:45",file_download,bla_9.xls
"2016-06-13 09:18:40",file_upload,bla_9.xls
"2016-06-13 09:31:27",file_upload,bla_2.png
"2016-06-13 09:47:31",file_upload,bla_9.xls
"2016-06-13 10:35:12",file_upload,bla_4.csv
"2016-06-13 11:33:44",file_upload,bla_5.doc
"2016-06-13 11:39:39",file_upload,bla_2.png
"2016-06-13 12:33:24",file_download,bla_2.png
"2016-06-13 12:54:14",file_upload,bla_10.yaml
"2016-06-13 13:13:59",file_upload,bla_5.doc
"2016-06-13 14:12:54",file_download,bla_10.yaml
"2016-06-13 14:23:07",file_download,bla_3.txt
"2016-06-13 15:17:54",file_download,bla_10.yaml
"2016-06-13 15:27:21",file_upload,bla_2.png
"2016-06-13 16:13:32",file_download,bla_8.xml
"2016-06-13 16:20:53",file_upload,bla_6.html
"2016-06-13 16:29:50",file_download,bla_3.txt
"2016-06-13 16:44:19",file_download,bla_9.xls
"2016-06-13 17:36:23",file_download,bla_2.png
"2016-06-13 17:53:25",file_download,bla_9.xls
"2016-06-13 18:06:05",file_upload,bla_4.csv
"2016-06-13 18:57:51",file_download,bla_9.xls
