"2016-05-23 23:27:41",file_upload,bla_3.txt
"2016-05-24 00:08:48",file_download,bla_3.txt
"2016-05-24 00:54:09",file_download,bla_1.jpeg
"2016-05-24 01:42:17",file_download,bla_4.csv
"2016-05-24 01:49:33",file_download,bla_9.xls
"2016-05-24 02:41:03",file_upload,bla_8.xml
"2016-05-24 03:37:23",file_upload,bla_9.xls
"2016-05-24 03:57:52","wrong data",bla_8.xml
"2016-05-24 04:33:11",file_download,bla_10.yaml
"2016-05-24 05:23:13",file_download,bla_6.html
"2016-05-24 05:48:15","wrong data",bla_7.xml
"2016-05-24 06:03:56",file_download,bla_2.png
"2016-05-24 07:03:25","wrong data",bla_4.csv
"2016-05-24 07:12:02",file_upload,bla_4.csv
"2016-05-24 07:32:49","wrong data",bla_9.xls
"2016-05-24 08:23:26",file_download,bla_2.png
"2016-05-24 08:37:36",file_download,bla_2.png
"2016-05-24 09:26:43","wrong data",bla_6.html
"2016-05-24 09:49:43",file_download,bla_3.txt
"2016-05-24 10:41:52",file_download,bla_7.xml
"2016-05-24 11:25:36",file_download,bla_10.yaml
"2016-05-24 11:49:00",file_upload,bla_9.xls
"2016-05-24 12:30:01",file_upload,bla_4.csv
"2016-05-24 13:07:10","wrong data",bla_2.png
"2016-05-24 13:29:44",file_upload,bla_10.yaml
"2016-05-24 14:23:05",file_download,bla_6.html
"2016-05-24 15:17:19","wrong data",bla_1.jpeg
"2016-05-24 16:09:50",file_upload,bla_9.xls
"2016-05-24 16:44:51",file_upload,bla_9.xls
"2016-05-24 17:35:41","wrong data",bla_5.doc
"2016-05-24 17:47:43","wrong data",bla_8.xml
"2016-05-24 18:42:49",file_download,bla_3.txt
"2016-05-24 18:58:18","wrong data",bla_7.xml
"2016-05-24 19:16:02",file_download,bla_9.xls
"2016-05-24 19:29:48",file_download,bla_4.csv
"2016-05-24 20:01:35",file_download,bla_3.txt
"2016-05-24 20:49:55",file_download,bla_3.txt
"2016-05-24 21:35:51","wrong data",bla_6.html
"2016-05-24 21:44:40",file_upload,bla_3.txt
"2016-05-24 22:44:07",file_upload,bla_5.doc
"2016-05-24 22:52:04",file_download,bla_7.xml
"2016-05-24 23:09:21",file_download,bla_7.xml
"2016-05-24 23:45:55",file_download,bla_4.csv
"2016-05-24 23:50:53",file_download,bla_10.yaml
"2016-05-25 00:29:34",file_download,bla_5.doc
"2016-05-25 00:53:15",file_upload,bla_2.png
"2016-05-25 01:39:39","wrong data",bla_2.png
"2016-05-25 01:44:52",file_download,bla_2.png
"2016-05-25 01:59:48",file_download,bla_10.yaml
"2016-05-25 02:06:47","wrong data",bla_3.txt
"2016-05-25 02:24:27",file_download,bla_4.csv
"2016-05-25 03:11:30","wrong data",bla_2.png
"2016-05-25 03:32:34","wrong data",bla_8.xml
"2016-05-25 04:31:39",file_download,bla_8.xml
"2016-05-25 04:51:24","wrong data",bla_7.xml
"2016-05-25 05:18:46",file_download,bla_6.html
"2016-05-25 06:10:13",file_upload,bla_10.yaml
"2016-05-25 06:12:04",file_upload,bla_10.yaml
"2016-05-25 06:44:06","wrong data",bla_7.xml
"2016-05-25 07:37:09",file_download,bla_3.txt
"2016-05-25 07:47:37","wrong data",bla_4.csv
"2016-05-25 08:34:46",file_download,bla_6.html
"2016-05-25 08:38:39",file_download,bla_10.yaml
"2016-05-25 08:59:35","wrong data",bla_10.yaml
"2016-05-25 09:12:05","wrong data",bla_10.yaml
"2016-05-25 09:28:56",file_download,bla_9.xls
"2016-05-25 10:03:37",file_upload,bla_5.doc
"2016-05-25 10:41:33",file_upload,bla_5.doc
"2016-05-25 11:03:28",file_upload,bla_5.doc
"2016-05-25 11:06:20","wrong data",bla_7.xml
"2016-05-25 11:20:08","wrong data",bla_5.doc
"2016-05-25 11:21:03",file_upload,bla_6.html
"2016-05-25 11:54:08",file_download,bla_2.png
"2016-05-25 12:01:10",file_download,bla_3.txt
"2016-05-25 12:41:47",file_upload,bla_10.yaml
"2016-05-25 12:58:32",file_download,bla_1.jpeg
"2016-05-25 13:08:55",file_download,bla_5.doc
"2016-05-25 13:10:09","wrong data",bla_5.doc
"2016-05-25 13:14:39",file_upload,bla_4.csv
"2016-05-25 13:56:57",file_upload,bla_6.html
"2016-05-25 14:05:09","wrong data",bla_7.xml
"2016-05-25 14:52:30",file_download,bla_5.doc
"2016-05-25 14:57:20",file_download,bla_5.doc
"2016-05-25 15:01:47",file_upload,bla_2.png
"2016-05-25 15:52:40",file_download,bla_5.doc
"2016-05-25 16:49:56",file_download,bla_1.jpeg
"2016-05-25 17:40:55",file_upload,bla_8.xml
"2016-05-25 18:21:00",file_upload,bla_4.csv
"2016-05-25 18:33:50",file_download,bla_10.yaml
"2016-05-25 19:06:40",file_upload,bla_7.xml
"2016-05-25 19:08:59",file_download,bla_2.png
"2016-05-25 19:25:03","wrong data",bla_1.jpeg
"2016-05-25 20:03:28",file_upload,bla_8.xml
"2016-05-25 20:09:25",file_upload,bla_10.yaml
"2016-05-25 20:57:39",file_download,bla_1.jpeg
"2016-05-25 21:06:56",file_upload,bla_1.jpeg
"2016-05-25 21:08:57",file_upload,bla_2.png
"2016-05-25 21:47:26",file_upload,bla_2.png
"2016-05-25 22:35:32","wrong data",bla_5.doc
"2016-05-25 22:42:08",file_download,bla_2.png
"2016-05-25 23:30:07","wrong data",bla_7.xml
"2016-05-26 00:12:25",file_upload,bla_2.png
"2016-05-26 00:23:42","wrong data",bla_6.html
"2016-05-26 00:48:35",file_upload,bla_10.yaml
"2016-05-26 01:39:18",file_upload,bla_5.doc
"2016-05-26 01:58:34",file_upload,bla_2.png
"2016-05-26 02:35:44",file_download,bla_4.csv
"2016-05-26 03:26:45",file_upload,bla_6.html
"2016-05-26 04:01:20",file_upload,bla_3.txt
"2016-05-26 04:02:38",file_download,bla_1.jpeg
"2016-05-26 04:17:44",file_upload,bla_4.csv
"2016-05-26 04:59:37",file_upload,bla_4.csv
"2016-05-26 05:53:34",file_download,bla_3.txt
"2016-05-26 06:43:48",file_upload,bla_10.yaml
"2016-05-26 07:28:18",file_upload,bla_4.csv
"2016-05-26 08:12:39",file_upload,bla_5.doc
"2016-05-26 08:25:52",file_download,bla_1.jpeg
"2016-05-26 08:43:49",file_download,bla_8.xml
"2016-05-26 08:58:32","wrong data",bla_8.xml
"2016-05-26 09:13:50",file_download,bla_5.doc
"2016-05-26 09:40:34",file_upload,bla_8.xml
"2016-05-26 10:06:54","wrong data",bla_8.xml
"2016-05-26 10:32:01",file_download,bla_6.html
"2016-05-26 10:33:37",file_upload,bla_3.txt
"2016-05-26 11:32:29","wrong data",bla_1.jpeg
"2016-05-26 12:19:45","wrong data",bla_8.xml
"2016-05-26 12:44:51","wrong data",bla_1.jpeg
"2016-05-26 13:04:58",file_upload,bla_5.doc
"2016-05-26 13:49:00",file_upload,bla_2.png
"2016-05-26 14:11:36","wrong data",bla_9.xls
"2016-05-26 15:05:37",file_upload,bla_3.txt
"2016-05-26 16:03:22",file_upload,bla_2.png
"2016-05-26 16:09:56",file_upload,bla_7.xml
"2016-05-26 16:54:10",file_upload,bla_1.jpeg
"2016-05-26 16:55:26",file_upload,bla_6.html
"2016-05-26 17:06:47",file_upload,bla_8.xml
"2016-05-26 17:07:38",file_upload,bla_8.xml
"2016-05-26 18:01:39","wrong data",bla_5.doc
"2016-05-26 18:27:51",file_upload,bla_8.xml
"2016-05-26 19:15:39","wrong data",bla_4.csv
"2016-05-26 20:06:56","wrong data",bla_1.jpeg
"2016-05-26 20:30:47","wrong data",bla_10.yaml
"2016-05-26 20:49:00",file_upload,bla_3.txt
"2016-05-26 20:52:59","wrong data",bla_5.doc
"2016-05-26 21:25:12",file_download,bla_8.xml
"2016-05-26 21:40:48","wrong data",bla_9.xls
"2016-05-26 21:57:28",file_upload,bla_2.png
"2016-05-26 22:44:14","wrong data",bla_2.png
"2016-05-26 23:12:16","wrong data",bla_5.doc
"2016-05-26 23:13:24",file_download,bla_9.xls
"2016-05-26 23:44:20","wrong data",bla_7.xml
"2016-05-26 23:57:21",file_upload,bla_10.yaml
"2016-05-27 00:30:28",file_download,bla_5.doc
"2016-05-27 01:12:48",file_download,bla_3.txt
"2016-05-27 01:53:13",file_download,bla_9.xls
"2016-05-27 02:02:51",file_upload,bla_9.xls
"2016-05-27 02:14:40","wrong data",bla_3.txt
"2016-05-27 03:05:44",file_upload,bla_9.xls
"2016-05-27 04:00:11","wrong data",bla_10.yaml
"2016-05-27 04:53:39",file_download,bla_4.csv
"2016-05-27 05:12:11",file_upload,bla_1.jpeg
"2016-05-27 05:41:24",file_download,bla_10.yaml
"2016-05-27 06:33:50","wrong data",bla_1.jpeg
"2016-05-27 06:45:14",file_download,bla_6.html
"2016-05-27 07:02:52","wrong data",bla_6.html
"2016-05-27 07:11:32",file_upload,bla_3.txt
"2016-05-27 07:55:17","wrong data",bla_4.csv
"2016-05-27 08:15:36",file_upload,bla_10.yaml
"2016-05-27 08:19:06",file_download,bla_9.xls
"2016-05-27 09:10:22",file_download,bla_2.png
"2016-05-27 09:18:07",file_upload,bla_10.yaml
"2016-05-27 09:25:12",file_download,bla_7.xml
"2016-05-27 09:25:41",file_upload,bla_7.xml
"2016-05-27 09:34:36",file_upload,bla_4.csv
"2016-05-27 09:48:25","wrong data",bla_2.png
"2016-05-27 10:36:59",file_upload,bla_1.jpeg
"2016-05-27 10:39:58","wrong data",bla_1.jpeg
"2016-05-27 10:43:26",file_download,bla_2.png
"2016-05-27 11:24:46",file_download,bla_9.xls
"2016-05-27 11:36:26",file_download,bla_3.txt
"2016-05-27 12:11:48","wrong data",bla_8.xml
"2016-05-27 12:18:37",file_download,bla_4.csv
"2016-05-27 12:58:17",file_upload,bla_5.doc
"2016-05-27 13:31:31",file_upload,bla_9.xls
"2016-05-27 14:03:31","wrong data",bla_10.yaml
"2016-05-27 14:24:21","wrong data",bla_2.png
"2016-05-27 15:12:33",file_upload,bla_10.yaml
"2016-05-27 15:52:42",file_upload,bla_8.xml
"2016-05-27 16:09:58",file_upload,bla_3.txt
"2016-05-27 16:27:21",file_download,bla_5.doc
"2016-05-27 16:43:39",file_upload,bla_8.xml
"2016-05-27 17:32:57",file_upload,bla_6.html
"2016-05-27 18:18:30","wrong data",bla_8.xml
"2016-05-27 19:16:51","wrong data",bla_5.doc
"2016-05-27 20:00:12","wrong data",bla_7.xml
"2016-05-27 20:47:45",file_download,bla_4.csv
"2016-05-27 21:08:58","wrong data",bla_3.txt
"2016-05-27 22:04:34","wrong data",bla_10.yaml
"2016-05-27 22:23:17","wrong data",bla_1.jpeg
"2016-05-27 23:15:04","wrong data",bla_6.html
"2016-05-28 00:13:42",file_upload,bla_9.xls
"2016-05-28 00:24:43","wrong data",bla_3.txt
"2016-05-28 01:06:30",file_download,bla_10.yaml
"2016-05-28 01:55:21","wrong data",bla_3.txt
"2016-05-28 01:57:32",file_download,bla_1.jpeg
"2016-05-28 02:14:00",file_download,bla_1.jpeg
"2016-05-28 02:15:55",file_download,bla_8.xml
"2016-05-28 03:11:34",file_download,bla_10.yaml
"2016-05-28 03:37:49",file_download,bla_3.txt
"2016-05-28 03:51:39","wrong data",bla_8.xml
"2016-05-28 04:50:09",file_upload,bla_4.csv
"2016-05-28 05:49:13",file_upload,bla_8.xml
"2016-05-28 06:24:24","wrong data",bla_10.yaml
"2016-05-28 06:59:24",file_upload,bla_2.png
"2016-05-28 07:40:18","wrong data",bla_2.png
"2016-05-28 07:56:15",file_upload,bla_1.jpeg
"2016-05-28 08:19:38","wrong data",bla_4.csv
"2016-05-28 08:41:27",file_upload,bla_4.csv
"2016-05-28 09:29:57",file_upload,bla_10.yaml
"2016-05-28 10:03:08",file_upload,bla_1.jpeg
"2016-05-28 10:18:21",file_upload,bla_2.png
"2016-05-28 10:24:32",file_download,bla_4.csv
"2016-05-28 10:55:12",file_download,bla_4.csv
"2016-05-28 11:02:50",file_upload,bla_2.png
"2016-05-28 11:07:54","wrong data",bla_5.doc
"2016-05-28 11:57:52",file_upload,bla_3.txt
"2016-05-28 12:24:38",file_upload,bla_1.jpeg
"2016-05-28 13:10:50",file_download,bla_5.doc
"2016-05-28 13:28:07",file_upload,bla_9.xls
"2016-05-28 13:33:09",file_download,bla_10.yaml
"2016-05-28 14:19:21",file_upload,bla_7.xml
"2016-05-28 15:05:05",file_upload,bla_5.doc
"2016-05-28 15:51:21",file_upload,bla_7.xml
"2016-05-28 16:44:37","wrong data",bla_7.xml
"2016-05-28 16:52:57",file_upload,bla_10.yaml
"2016-05-28 17:46:05",file_upload,bla_3.txt
"2016-05-28 18:42:28",file_download,bla_5.doc
"2016-05-28 19:29:00","wrong data",bla_2.png
"2016-05-28 20:11:32","wrong data",bla_4.csv
"2016-05-28 20:36:47","wrong data",bla_3.txt
"2016-05-28 21:18:47","wrong data",bla_4.csv
"2016-05-28 22:05:30","wrong data",bla_9.xls
"2016-05-28 22:13:40",file_upload,bla_8.xml
"2016-05-28 22:22:38","wrong data",bla_6.html
"2016-05-28 22:50:09",file_download,bla_1.jpeg
"2016-05-28 23:15:50","wrong data",bla_4.csv
"2016-05-28 23:50:28","wrong data",bla_7.xml
"2016-05-29 00:11:38",file_upload,bla_7.xml
"2016-05-29 00:18:54","wrong data",bla_7.xml
"2016-05-29 01:04:13",file_upload,bla_1.jpeg
"2016-05-29 01:45:30","wrong data",bla_9.xls
"2016-05-29 02:34:12","wrong data",bla_8.xml
"2016-05-29 02:39:52",file_upload,bla_10.yaml
"2016-05-29 02:57:22","wrong data",bla_7.xml
"2016-05-29 03:34:53",file_download,bla_9.xls
"2016-05-29 04:23:22","wrong data",bla_2.png
"2016-05-29 04:40:26",file_upload,bla_10.yaml
"2016-05-29 04:44:31",file_upload,bla_5.doc
"2016-05-29 04:47:12","wrong data",bla_5.doc
"2016-05-29 04:54:33",file_download,bla_10.yaml
"2016-05-29 05:00:25","wrong data",bla_4.csv
"2016-05-29 05:37:23","wrong data",bla_4.csv
"2016-05-29 05:43:34",file_upload,bla_2.png
"2016-05-29 05:45:46",file_download,bla_8.xml
"2016-05-29 06:12:10",file_download,bla_5.doc
"2016-05-29 07:10:10",file_upload,bla_5.doc
"2016-05-29 07:37:32",file_upload,bla_8.xml
"2016-05-29 07:57:26",file_upload,bla_6.html
"2016-05-29 08:40:31","wrong data",bla_7.xml
"2016-05-29 09:19:36",file_download,bla_7.xml
"2016-05-29 09:35:14",file_download,bla_8.xml
"2016-05-29 09:52:34","wrong data",bla_9.xls
"2016-05-29 10:42:50",file_upload,bla_3.txt
"2016-05-29 11:24:55",file_upload,bla_3.txt
"2016-05-29 11:35:15",file_download,bla_1.jpeg
"2016-05-29 12:16:37",file_upload,bla_8.xml
"2016-05-29 12:28:57",file_download,bla_10.yaml
"2016-05-29 13:07:49",file_upload,bla_9.xls
"2016-05-29 13:28:41",file_download,bla_1.jpeg
"2016-05-29 14:17:34",file_upload,bla_7.xml
"2016-05-29 15:01:14",file_download,bla_9.xls
"2016-05-29 15:32:33",file_download,bla_10.yaml
"2016-05-29 15:59:08",file_download,bla_7.xml
"2016-05-29 16:25:52",file_download,bla_8.xml
"2016-05-29 17:14:29","wrong data",bla_7.xml
"2016-05-29 18:05:47",file_download,bla_3.txt
"2016-05-29 18:42:39","wrong data",bla_3.txt
"2016-05-29 19:34:28",file_download,bla_5.doc
"2016-05-29 19:56:03","wrong data",bla_4.csv
"2016-05-29 20:36:45",file_upload,bla_1.jpeg
"2016-05-29 21:07:52",file_upload,bla_7.xml
"2016-05-29 21:58:52",file_download,bla_9.xls
"2016-05-29 22:45:48",file_upload,bla_8.xml
"2016-05-29 23:17:12",file_upload,bla_1.jpeg
"2016-05-29 23:35:52",file_upload,bla_5.doc
"2016-05-30 00:17:02","wrong data",bla_5.doc
"2016-05-30 01:16:04",file_upload,bla_1.jpeg
"2016-05-30 01:41:19",file_upload,bla_7.xml
"2016-05-30 02:20:14","wrong data",bla_5.doc
"2016-05-30 02:29:25",file_upload,bla_3.txt
"2016-05-30 02:51:42",file_download,bla_8.xml
"2016-05-30 03:45:51",file_download,bla_6.html
"2016-05-30 04:27:05",file_download,bla_1.jpeg
"2016-05-30 04:59:01","wrong data",bla_10.yaml
"2016-05-30 05:50:03",file_upload,bla_2.png
"2016-05-30 06:50:00","wrong data",bla_10.yaml
"2016-05-30 06:55:00",file_download,bla_3.txt
"2016-05-30 07:31:16",file_upload,bla_4.csv
"2016-05-30 08:20:55","wrong data",bla_8.xml
"2016-05-30 08:35:28",file_download,bla_9.xls
"2016-05-30 09:35:04",file_upload,bla_4.csv
"2016-05-30 10:14:09","wrong data",bla_1.jpeg
"2016-05-30 10:26:42",file_download,bla_10.yaml
"2016-05-30 11:06:31",file_upload,bla_4.csv
"2016-05-30 11:10:54","wrong data",bla_3.txt
"2016-05-30 11:38:10","wrong data",bla_2.png
"2016-05-30 12:02:14",file_download,bla_2.png
"2016-05-30 12:49:51",file_download,bla_4.csv
"2016-05-30 13:18:35",file_download,bla_5.doc
"2016-05-30 13:36:15","wrong data",bla_2.png
"2016-05-30 13:54:51","wrong data",bla_7.xml
"2016-05-30 14:34:41",file_upload,bla_1.jpeg
"2016-05-30 15:26:43",file_download,bla_8.xml
"2016-05-30 16:23:53",file_upload,bla_2.png
"2016-05-30 16:44:23",file_download,bla_1.jpeg
"2016-05-30 17:32:43",file_download,bla_3.txt
"2016-05-30 17:56:22","wrong data",bla_7.xml
"2016-05-30 18:39:00",file_upload,bla_6.html
"2016-05-30 19:03:11",file_download,bla_6.html
"2016-05-30 19:18:11","wrong data",bla_2.png
"2016-05-30 20:01:09",file_download,bla_1.jpeg
"2016-05-30 20:22:07",file_upload,bla_5.doc
"2016-05-30 21:16:06","wrong data",bla_8.xml
"2016-05-30 21:47:48",file_upload,bla_8.xml
"2016-05-30 22:47:09","wrong data",bla_3.txt
"2016-05-30 22:56:10","wrong data",bla_4.csv
"2016-05-30 23:40:27",file_download,bla_9.xls
"2016-05-31 00:20:46","wrong data",bla_2.png
"2016-05-31 01:12:56",file_download,bla_3.txt
"2016-05-31 02:06:36",file_download,bla_3.txt
"2016-05-31 02:26:05",file_download,bla_5.doc
"2016-05-31 02:38:49",file_download,bla_2.png
"2016-05-31 03:09:38",file_download,bla_5.doc
"2016-05-31 04:01:26",file_download,bla_9.xls
"2016-05-31 04:35:22","wrong data",bla_9.xls
"2016-05-31 04:46:10",file_upload,bla_2.png
"2016-05-31 05:20:50",file_upload,bla_8.xml
"2016-05-31 06:11:07",file_upload,bla_10.yaml
"2016-05-31 07:03:08","wrong data",bla_6.html
"2016-05-31 07:09:33",file_upload,bla_8.xml
"2016-05-31 07:22:38","wrong data",bla_6.html
"2016-05-31 07:28:38",file_upload,bla_3.txt
"2016-05-31 07:36:44",file_download,bla_8.xml
"2016-05-31 07:38:11","wrong data",bla_4.csv
"2016-05-31 07:43:38",file_download,bla_8.xml
"2016-05-31 08:09:27",file_download,bla_8.xml
"2016-05-31 08:56:02",file_download,bla_2.png
"2016-05-31 09:23:48","wrong data",bla_8.xml
"2016-05-31 09:44:56",file_download,bla_8.xml
"2016-05-31 09:51:32",file_upload,bla_10.yaml
"2016-05-31 10:33:21","wrong data",bla_9.xls
"2016-05-31 11:00:36","wrong data",bla_2.png
"2016-05-31 11:40:06","wrong data",bla_5.doc
"2016-05-31 12:35:20","wrong data",bla_9.xls
"2016-05-31 12:53:31",file_upload,bla_6.html
"2016-05-31 13:25:17","wrong data",bla_4.csv
"2016-05-31 13:35:14","wrong data",bla_4.csv
"2016-05-31 13:43:50",file_download,bla_1.jpeg
"2016-05-31 14:13:53","wrong data",bla_5.doc
"2016-05-31 14:57:05",file_download,bla_7.xml
"2016-05-31 15:28:55",file_upload,bla_3.txt
"2016-05-31 16:02:30",file_download,bla_7.xml
"2016-05-31 16:44:18",file_download,bla_1.jpeg
"2016-05-31 17:17:43","wrong data",bla_9.xls
"2016-05-31 18:12:16",file_upload,bla_6.html
"2016-05-31 18:39:17","wrong data",bla_10.yaml
"2016-05-31 19:27:06",file_download,bla_7.xml
"2016-05-31 19:31:24","wrong data",bla_3.txt
"2016-05-31 20:28:52",file_upload,bla_2.png
"2016-05-31 21:04:41",file_download,bla_2.png
"2016-05-31 21:17:09",file_download,bla_9.xls
"2016-05-31 22:04:53",file_download,bla_6.html
"2016-05-31 22:54:49",file_upload,bla_6.html
"2016-05-31 23:11:39",file_upload,bla_8.xml
"2016-06-01 00:01:46",file_upload,bla_8.xml
"2016-06-01 00:47:20",file_download,bla_1.jpeg
"2016-06-01 00:58:42","wrong data",bla_7.xml
"2016-06-01 01:15:40","wrong data",bla_8.xml
"2016-06-01 01:20:49","wrong data",bla_2.png
"2016-06-01 01:50:31","wrong data",bla_6.html
"2016-06-01 02:01:37","wrong data",bla_8.xml
"2016-06-01 02:54:41",file_upload,bla_8.xml
"2016-06-01 03:46:38","wrong data",bla_2.png
"2016-06-01 03:48:37",file_upload,bla_5.doc
"2016-06-01 04:17:10",file_upload,bla_9.xls
"2016-06-01 05:09:11",file_download,bla_8.xml
"2016-06-01 05:44:04",file_upload,bla_4.csv
"2016-06-01 06:38:23",file_upload,bla_4.csv
"2016-06-01 06:51:26","wrong data",bla_3.txt
"2016-06-01 07:22:08",file_upload,bla_3.txt
"2016-06-01 07:30:27","wrong data",bla_9.xls
"2016-06-01 07:39:01",file_upload,bla_6.html
"2016-06-01 07:43:02",file_upload,bla_1.jpeg
"2016-06-01 08:19:01",file_upload,bla_4.csv
"2016-06-01 09:15:39","wrong data",bla_5.doc
"2016-06-01 09:32:15","wrong data",bla_10.yaml
"2016-06-01 09:43:02",file_upload,bla_5.doc
"2016-06-01 10:07:46",file_upload,bla_5.doc
"2016-06-01 11:01:58","wrong data",bla_4.csv
"2016-06-01 11:22:16",file_download,bla_8.xml
"2016-06-01 11:35:01",file_download,bla_5.doc
"2016-06-01 12:18:52",file_download,bla_8.xml
"2016-06-01 12:44:17",file_download,bla_10.yaml
"2016-06-01 13:35:49",file_upload,bla_7.xml
"2016-06-01 13:55:07","wrong data",bla_5.doc
"2016-06-01 14:45:18",file_download,bla_6.html
"2016-06-01 15:09:56",file_download,bla_7.xml
"2016-06-01 16:02:07",file_upload,bla_2.png
"2016-06-01 16:11:54",file_download,bla_4.csv
"2016-06-01 16:42:31",file_upload,bla_2.png
"2016-06-01 16:58:45",file_upload,bla_1.jpeg
"2016-06-01 17:52:53",file_download,bla_9.xls
"2016-06-01 18:46:28",file_download,bla_6.html
"2016-06-01 18:48:30","wrong data",bla_10.yaml
"2016-06-01 19:43:05",file_upload,bla_3.txt
"2016-06-01 20:42:19","wrong data",bla_2.png
"2016-06-01 20:52:24",file_upload,bla_1.jpeg
"2016-06-01 21:03:42",file_upload,bla_10.yaml
"2016-06-01 21:47:47",file_upload,bla_10.yaml
"2016-06-01 22:27:10","wrong data",bla_7.xml
"2016-06-01 22:35:50",file_download,bla_1.jpeg
"2016-06-01 22:51:07","wrong data",bla_8.xml
"2016-06-01 23:30:11",file_download,bla_3.txt
"2016-06-02 00:26:37",file_download,bla_9.xls
"2016-06-02 00:55:18",file_download,bla_7.xml
"2016-06-02 00:56:11",file_upload,bla_4.csv
"2016-06-02 01:00:08","wrong data",bla_9.xls
"2016-06-02 01:22:25",file_download,bla_4.csv
"2016-06-02 01:41:56",file_download,bla_3.txt
"2016-06-02 02:26:53",file_download,bla_4.csv
"2016-06-02 03:19:59",file_upload,bla_9.xls
"2016-06-02 04:18:47","wrong data",bla_6.html
"2016-06-02 04:39:20",file_upload,bla_6.html
"2016-06-02 04:53:42",file_download,bla_7.xml
"2016-06-02 05:24:34",file_upload,bla_1.jpeg
"2016-06-02 05:42:25",file_upload,bla_3.txt
"2016-06-02 06:23:34",file_upload,bla_2.png
"2016-06-02 07:09:35",file_download,bla_9.xls
"2016-06-02 08:01:14","wrong data",bla_5.doc
"2016-06-02 08:22:33",file_download,bla_7.xml
"2016-06-02 08:23:15",file_download,bla_10.yaml
"2016-06-02 08:30:01",file_download,bla_10.yaml
"2016-06-02 08:49:49",file_upload,bla_9.xls
"2016-06-02 09:30:53",file_download,bla_5.doc
"2016-06-02 09:59:27","wrong data",bla_3.txt
"2016-06-02 10:32:57",file_download,bla_6.html
"2016-06-02 11:22:40","wrong data",bla_3.txt
"2016-06-02 11:41:39",file_upload,bla_2.png
"2016-06-02 12:25:47",file_download,bla_1.jpeg
"2016-06-02 13:18:51",file_download,bla_7.xml
"2016-06-02 14:04:38","wrong data",bla_4.csv
"2016-06-02 14:51:34","wrong data",bla_4.csv
"2016-06-02 15:48:20",file_upload,bla_8.xml
"2016-06-02 16:10:43",file_upload,bla_7.xml
"2016-06-02 16:13:03",file_upload,bla_5.doc
"2016-06-02 16:19:52","wrong data",bla_5.doc
"2016-06-02 17:05:43",file_upload,bla_3.txt
"2016-06-02 17:54:00",file_download,bla_9.xls
"2016-06-02 17:57:47","wrong data",bla_1.jpeg
"2016-06-02 18:48:15",file_upload,bla_2.png
"2016-06-02 19:09:00",file_upload,bla_9.xls
"2016-06-02 19:36:40",file_download,bla_6.html
"2016-06-02 20:21:09",file_upload,bla_3.txt
"2016-06-02 21:20:57",file_upload,bla_9.xls
"2016-06-02 21:41:47",file_upload,bla_6.html
"2016-06-02 21:49:11",file_upload,bla_10.yaml
"2016-06-02 22:18:00","wrong data",bla_10.yaml
"2016-06-02 22:24:39",file_download,bla_2.png
"2016-06-02 23:20:09","wrong data",bla_9.xls
"2016-06-02 23:24:31",file_upload,bla_5.doc
"2016-06-02 23:35:40","wrong data",bla_2.png
"2016-06-02 23:48:36","wrong data",bla_5.doc
"2016-06-03 00:32:43","wrong data",bla_5.doc
"2016-06-03 00:38:08",file_download,bla_1.jpeg
"2016-06-03 00:54:01",file_download,bla_5.doc
"2016-06-03 01:44:31",file_upload,bla_6.html
"2016-06-03 02:40:34",file_upload,bla_9.xls
"2016-06-03 03:08:02","wrong data",bla_5.doc
"2016-06-03 03:45:24","wrong data",bla_1.jpeg
"2016-06-03 03:46:38",file_download,bla_6.html
"2016-06-03 03:57:18",file_download,bla_1.jpeg
"2016-06-03 04:54:39","wrong data",bla_6.html
"2016-06-03 05:34:37","wrong data",bla_8.xml
"2016-06-03 05:51:37",file_upload,bla_5.doc
"2016-06-03 06:28:59",file_download,bla_4.csv
"2016-06-03 07:20:57",file_download,bla_10.yaml
"2016-06-03 07:39:03",file_upload,bla_6.html
"2016-06-03 08:18:44",file_upload,bla_6.html
"2016-06-03 09:14:15",file_upload,bla_7.xml
"2016-06-03 10:12:26",file_upload,bla_7.xml
"2016-06-03 11:08:32",file_download,bla_1.jpeg
"2016-06-03 11:49:41","wrong data",bla_4.csv
"2016-06-03 12:04:10",file_upload,bla_4.csv
"2016-06-03 12:37:03",file_download,bla_3.txt
"2016-06-03 13:05:25",file_upload,bla_6.html
"2016-06-03 13:28:42",file_upload,bla_5.doc
"2016-06-03 13:42:20",file_download,bla_5.doc
"2016-06-03 14:05:16","wrong data",bla_6.html
"2016-06-03 14:24:32","wrong data",bla_8.xml
"2016-06-03 14:42:30",file_download,bla_5.doc
"2016-06-03 14:44:52","wrong data",bla_4.csv
"2016-06-03 15:30:04","wrong data",bla_4.csv
"2016-06-03 15:53:14",file_upload,bla_7.xml
"2016-06-03 16:20:17","wrong data",bla_7.xml
"2016-06-03 16:40:19",file_download,bla_8.xml
"2016-06-03 17:06:53",file_download,bla_7.xml
"2016-06-03 17:11:20",file_download,bla_10.yaml
"2016-06-03 17:33:46",file_download,bla_9.xls
"2016-06-03 17:49:48","wrong data",bla_4.csv
"2016-06-03 18:33:43",file_download,bla_8.xml
"2016-06-03 18:51:13",file_upload,bla_9.xls
"2016-06-03 18:57:11",file_download,bla_4.csv
"2016-06-03 19:26:54",file_download,bla_9.xls
"2016-06-03 19:51:02","wrong data",bla_10.yaml
"2016-06-03 20:17:42",file_upload,bla_10.yaml
"2016-06-03 20:27:15",file_upload,bla_10.yaml
"2016-06-03 20:37:44",file_upload,bla_8.xml
"2016-06-03 21:21:47",file_download,bla_7.xml
"2016-06-03 21:48:09","wrong data",bla_5.doc
"2016-06-03 22:23:12",file_upload,bla_10.yaml
"2016-06-03 23:20:53",file_download,bla_10.yaml
"2016-06-03 23:51:28",file_download,bla_9.xls
"2016-06-04 00:32:24",file_download,bla_1.jpeg
"2016-06-04 01:26:44",file_upload,bla_10.yaml
"2016-06-04 01:27:26","wrong data",bla_8.xml
"2016-06-04 01:28:02",file_download,bla_3.txt
"2016-06-04 01:32:47","wrong data",bla_8.xml
"2016-06-04 01:42:04",file_upload,bla_5.doc
"2016-06-04 02:41:00",file_upload,bla_3.txt
"2016-06-04 02:41:57",file_download,bla_7.xml
"2016-06-04 02:44:10",file_download,bla_4.csv
"2016-06-04 03:35:56",file_download,bla_2.png
"2016-06-04 03:37:39",file_upload,bla_7.xml
"2016-06-04 04:26:11",file_download,bla_8.xml
"2016-06-04 04:53:52","wrong data",bla_1.jpeg
"2016-06-04 04:57:32",file_upload,bla_3.txt
"2016-06-04 05:45:59",file_download,bla_1.jpeg
"2016-06-04 05:56:13",file_upload,bla_5.doc
"2016-06-04 06:41:45",file_download,bla_4.csv
"2016-06-04 06:58:37","wrong data",bla_7.xml
"2016-06-04 07:27:08",file_upload,bla_7.xml
"2016-06-04 07:50:01","wrong data",bla_5.doc
"2016-06-04 08:40:09",file_upload,bla_5.doc
"2016-06-04 09:13:22",file_download,bla_6.html
"2016-06-04 09:54:38","wrong data",bla_6.html
"2016-06-04 10:08:02","wrong data",bla_7.xml
"2016-06-04 10:13:54","wrong data",bla_1.jpeg
"2016-06-04 10:38:31","wrong data",bla_9.xls
"2016-06-04 11:14:36",file_upload,bla_1.jpeg
"2016-06-04 12:13:15",file_download,bla_7.xml
"2016-06-04 12:40:22",file_download,bla_3.txt
"2016-06-04 13:33:17",file_upload,bla_7.xml
"2016-06-04 14:25:38",file_download,bla_2.png
"2016-06-04 14:51:07","wrong data",bla_5.doc
"2016-06-04 15:09:22","wrong data",bla_9.xls
"2016-06-04 15:39:23",file_download,bla_10.yaml
"2016-06-04 16:18:49","wrong data",bla_1.jpeg
"2016-06-04 17:09:38",file_upload,bla_6.html
"2016-06-04 17:43:16","wrong data",bla_9.xls
"2016-06-04 18:01:03",file_upload,bla_9.xls
"2016-06-04 18:37:46",file_download,bla_9.xls
"2016-06-04 18:39:15","wrong data",bla_1.jpeg
"2016-06-04 19:16:55",file_download,bla_10.yaml
"2016-06-04 20:05:00",file_upload,bla_2.png
"2016-06-04 20:58:34","wrong data",bla_10.yaml
"2016-06-04 21:12:57","wrong data",bla_5.doc
"2016-06-04 21:37:38","wrong data",bla_3.txt
"2016-06-04 21:40:26","wrong data",bla_3.txt
"2016-06-04 21:49:48",file_upload,bla_2.png
"2016-06-04 22:06:11","wrong data",bla_8.xml
"2016-06-04 22:25:17",file_upload,bla_6.html
"2016-06-04 22:59:05",file_upload,bla_8.xml
"2016-06-04 23:32:34",file_download,bla_10.yaml
"2016-06-04 23:56:55","wrong data",bla_6.html
"2016-06-05 00:12:11",file_upload,bla_10.yaml
"2016-06-05 00:35:09",file_download,bla_2.png
"2016-06-05 01:20:27","wrong data",bla_2.png
"2016-06-05 01:45:38","wrong data",bla_8.xml
"2016-06-05 02:23:12","wrong data",bla_1.jpeg
"2016-06-05 02:25:22",file_download,bla_1.jpeg
"2016-06-05 03:19:33",file_download,bla_3.txt
"2016-06-05 03:55:17",file_download,bla_1.jpeg
"2016-06-05 04:15:40","wrong data",bla_1.jpeg
"2016-06-05 04:48:58",file_upload,bla_9.xls
"2016-06-05 05:28:29",file_download,bla_2.png
"2016-06-05 06:11:22","wrong data",bla_5.doc
"2016-06-05 06:59:27",file_download,bla_6.html
"2016-06-05 07:27:39","wrong data",bla_3.txt
"2016-06-05 07:38:19","wrong data",bla_3.txt
"2016-06-05 07:41:50","wrong data",bla_4.csv
"2016-06-05 08:36:52",file_upload,bla_8.xml
"2016-06-05 09:25:39",file_upload,bla_6.html
"2016-06-05 09:32:40","wrong data",bla_4.csv
"2016-06-05 09:57:10",file_upload,bla_9.xls
"2016-06-05 10:02:47",file_download,bla_4.csv
"2016-06-05 10:09:40","wrong data",bla_6.html
"2016-06-05 10:47:36","wrong data",bla_1.jpeg
"2016-06-05 10:50:19",file_upload,bla_6.html
"2016-06-05 11:04:31",file_download,bla_5.doc
"2016-06-05 11:28:56","wrong data",bla_6.html
"2016-06-05 11:51:43","wrong data",bla_2.png
"2016-06-05 12:36:45",file_download,bla_5.doc
"2016-06-05 13:21:55","wrong data",bla_8.xml
"2016-06-05 13:35:09",file_upload,bla_3.txt
"2016-06-05 14:06:07",file_download,bla_10.yaml
"2016-06-05 14:54:26","wrong data",bla_10.yaml
"2016-06-05 15:27:20","wrong data",bla_3.txt
"2016-06-05 16:02:33",file_upload,bla_1.jpeg
"2016-06-05 16:44:24","wrong data",bla_6.html
"2016-06-05 17:43:52",file_download,bla_3.txt
"2016-06-05 17:45:38",file_download,bla_9.xls
"2016-06-05 17:47:52",file_upload,bla_7.xml
"2016-06-05 17:52:40",file_download,bla_4.csv
"2016-06-05 18:28:00",file_upload,bla_9.xls
"2016-06-05 18:34:09",file_download,bla_6.html
"2016-06-05 19:10:19","wrong data",bla_4.csv
"2016-06-05 19:29:30",file_upload,bla_1.jpeg
"2016-06-05 19:52:18","wrong data",bla_8.xml
"2016-06-05 20:02:42",file_download,bla_1.jpeg
"2016-06-05 20:51:35","wrong data",bla_10.yaml
"2016-06-05 21:25:59",file_download,bla_3.txt
"2016-06-05 22:04:43",file_upload,bla_5.doc
"2016-06-05 22:13:38","wrong data",bla_6.html
"2016-06-05 22:55:54","wrong data",bla_7.xml
"2016-06-05 23:25:42","wrong data",bla_8.xml
"2016-06-05 23:35:44",file_download,bla_1.jpeg
"2016-06-06 00:01:48",file_upload,bla_7.xml
"2016-06-06 00:50:00",file_download,bla_4.csv
"2016-06-06 01:04:47",file_upload,bla_1.jpeg
"2016-06-06 01:18:20",file_download,bla_1.jpeg
"2016-06-06 02:14:33",file_upload,bla_5.doc
"2016-06-06 02:23:05",file_download,bla_3.txt
"2016-06-06 02:51:47",file_upload,bla_10.yaml
"2016-06-06 03:27:58","wrong data",bla_5.doc
"2016-06-06 03:31:43",file_upload,bla_8.xml
"2016-06-06 03:46:53",file_upload,bla_2.png
"2016-06-06 04:07:50","wrong data",bla_10.yaml
"2016-06-06 04:42:37","wrong data",bla_8.xml
"2016-06-06 05:25:40","wrong data",bla_6.html
"2016-06-06 05:35:37","wrong data",bla_4.csv
"2016-06-06 06:06:30",file_download,bla_10.yaml
"2016-06-06 07:02:44",file_upload,bla_2.png
"2016-06-06 07:21:12",file_upload,bla_6.html
"2016-06-06 07:45:59","wrong data",bla_7.xml
"2016-06-06 07:53:53",file_download,bla_3.txt
"2016-06-06 08:51:18","wrong data",bla_1.jpeg
"2016-06-06 09:35:42",file_download,bla_1.jpeg
"2016-06-06 09:37:14",file_download,bla_3.txt
"2016-06-06 10:28:35",file_upload,bla_9.xls
"2016-06-06 10:53:47","wrong data",bla_5.doc
"2016-06-06 11:19:00","wrong data",bla_6.html
"2016-06-06 11:51:04","wrong data",bla_1.jpeg
"2016-06-06 12:41:42",file_download,bla_2.png
"2016-06-06 13:18:09",file_download,bla_10.yaml
"2016-06-06 13:33:27",file_upload,bla_3.txt
"2016-06-06 14:31:43",file_upload,bla_2.png
"2016-06-06 15:16:49",file_upload,bla_1.jpeg
"2016-06-06 15:34:53",file_download,bla_6.html
"2016-06-06 16:13:53",file_upload,bla_8.xml
"2016-06-06 17:05:53","wrong data",bla_6.html
"2016-06-06 17:50:01",file_upload,bla_10.yaml
"2016-06-06 18:36:55",file_download,bla_9.xls
"2016-06-06 19:07:38",file_download,bla_4.csv
"2016-06-06 19:22:48","wrong data",bla_4.csv
"2016-06-06 19:49:55","wrong data",bla_8.xml
"2016-06-06 20:39:45",file_upload,bla_9.xls
"2016-06-06 20:54:34","wrong data",bla_6.html
"2016-06-06 21:34:10",file_upload,bla_5.doc
"2016-06-06 21:37:36",file_download,bla_9.xls
"2016-06-06 22:21:21",file_download,bla_10.yaml
"2016-06-06 23:07:02","wrong data",bla_7.xml
"2016-06-06 23:14:14",file_upload,bla_1.jpeg
"2016-06-06 23:26:40",file_download,bla_2.png
"2016-06-06 23:42:11","wrong data",bla_4.csv
"2016-06-07 00:09:51",file_download,bla_2.png
"2016-06-07 00:19:42",file_upload,bla_10.yaml
"2016-06-07 00:23:12",file_upload,bla_1.jpeg
"2016-06-07 01:05:12",file_upload,bla_6.html
"2016-06-07 01:20:22","wrong data",bla_4.csv
"2016-06-07 02:09:46","wrong data",bla_6.html
"2016-06-07 02:25:47",file_download,bla_6.html
"2016-06-07 03:15:53",file_download,bla_6.html
"2016-06-07 03:48:26","wrong data",bla_9.xls
"2016-06-07 04:26:11",file_download,bla_5.doc
"2016-06-07 05:25:32","wrong data",bla_10.yaml
"2016-06-07 06:22:12","wrong data",bla_9.xls
"2016-06-07 06:36:23",file_download,bla_8.xml
"2016-06-07 07:13:09","wrong data",bla_1.jpeg
"2016-06-07 08:06:02","wrong data",bla_2.png
"2016-06-07 08:54:37",file_download,bla_6.html
"2016-06-07 09:39:04","wrong data",bla_9.xls
"2016-06-07 09:57:23",file_upload,bla_1.jpeg
"2016-06-07 10:03:23",file_upload,bla_7.xml
"2016-06-07 10:46:07",file_download,bla_1.jpeg
"2016-06-07 11:43:51",file_upload,bla_2.png
"2016-06-07 12:28:08",file_upload,bla_9.xls
"2016-06-07 12:46:11","wrong data",bla_4.csv
"2016-06-07 13:12:10",file_download,bla_6.html
"2016-06-07 13:30:34","wrong data",bla_4.csv
"2016-06-07 13:57:06","wrong data",bla_1.jpeg
"2016-06-07 14:35:31",file_download,bla_6.html
"2016-06-07 14:50:44",file_upload,bla_6.html
"2016-06-07 15:31:33",file_download,bla_7.xml
"2016-06-07 15:58:30",file_download,bla_2.png
"2016-06-07 16:44:59","wrong data",bla_2.png
"2016-06-07 17:42:16",file_upload,bla_10.yaml
"2016-06-07 18:11:38",file_upload,bla_7.xml
"2016-06-07 18:29:02",file_upload,bla_8.xml
"2016-06-07 19:20:39","wrong data",bla_8.xml
"2016-06-07 20:09:45","wrong data",bla_5.doc
"2016-06-07 20:48:11","wrong data",bla_6.html
"2016-06-07 21:47:58",file_upload,bla_2.png
"2016-06-07 22:21:09",file_upload,bla_1.jpeg
"2016-06-07 22:58:39",file_upload,bla_10.yaml
"2016-06-07 23:31:01","wrong data",bla_1.jpeg
"2016-06-07 23:36:57",file_upload,bla_3.txt
"2016-06-07 23:37:32",file_download,bla_6.html
"2016-06-08 00:16:55","wrong data",bla_1.jpeg
"2016-06-08 00:22:29",file_download,bla_3.txt
"2016-06-08 01:00:15",file_upload,bla_3.txt
"2016-06-08 01:53:26","wrong data",bla_2.png
"2016-06-08 02:35:03",file_download,bla_9.xls
"2016-06-08 03:17:27",file_download,bla_8.xml
"2016-06-08 03:24:34",file_download,bla_10.yaml
"2016-06-08 03:44:55","wrong data",bla_3.txt
"2016-06-08 03:46:00",file_upload,bla_7.xml
"2016-06-08 04:03:15","wrong data",bla_8.xml
"2016-06-08 04:39:09",file_download,bla_7.xml
"2016-06-08 04:40:37",file_upload,bla_8.xml
"2016-06-08 05:05:15",file_download,bla_8.xml
"2016-06-08 05:19:43",file_upload,bla_10.yaml
"2016-06-08 05:55:41",file_download,bla_1.jpeg
"2016-06-08 06:01:34","wrong data",bla_2.png
"2016-06-08 06:10:45","wrong data",bla_5.doc
"2016-06-08 06:39:12","wrong data",bla_6.html
"2016-06-08 06:48:24","wrong data",bla_6.html
"2016-06-08 07:01:25",file_download,bla_2.png
"2016-06-08 07:02:59",file_download,bla_10.yaml
"2016-06-08 07:26:33",file_upload,bla_1.jpeg
"2016-06-08 08:14:01",file_download,bla_9.xls
"2016-06-08 08:46:14",file_upload,bla_4.csv
"2016-06-08 09:04:55","wrong data",bla_8.xml
"2016-06-08 09:59:06","wrong data",bla_7.xml
"2016-06-08 10:31:45",file_download,bla_3.txt
"2016-06-08 11:14:36",file_upload,bla_5.doc
"2016-06-08 12:02:00",file_download,bla_9.xls
"2016-06-08 12:26:42",file_download,bla_2.png
"2016-06-08 13:23:19","wrong data",bla_5.doc
"2016-06-08 14:17:38","wrong data",bla_2.png
"2016-06-08 15:02:14","wrong data",bla_8.xml
"2016-06-08 15:51:42",file_download,bla_6.html
"2016-06-08 15:52:57",file_upload,bla_9.xls
"2016-06-08 16:38:56",file_upload,bla_1.jpeg
"2016-06-08 17:36:05",file_upload,bla_5.doc
"2016-06-08 18:08:56",file_download,bla_6.html
"2016-06-08 18:27:22",file_download,bla_3.txt
"2016-06-08 18:54:34","wrong data",bla_8.xml
"2016-06-08 19:36:29","wrong data",bla_7.xml
"2016-06-08 20:05:45",file_upload,bla_3.txt
"2016-06-08 20:55:46","wrong data",bla_9.xls
"2016-06-08 21:33:09","wrong data",bla_2.png
"2016-06-08 22:18:57",file_download,bla_3.txt
"2016-06-08 22:22:00","wrong data",bla_5.doc
"2016-06-08 22:29:54",file_upload,bla_5.doc
"2016-06-08 22:55:46","wrong data",bla_6.html
"2016-06-08 23:21:25",file_upload,bla_8.xml
"2016-06-08 23:30:00",file_upload,bla_3.txt
"2016-06-08 23:43:57",file_upload,bla_4.csv
"2016-06-09 00:16:01","wrong data",bla_10.yaml
"2016-06-09 00:44:22",file_download,bla_4.csv
"2016-06-09 00:54:38",file_download,bla_3.txt
"2016-06-09 01:34:39",file_download,bla_3.txt
"2016-06-09 01:39:58","wrong data",bla_8.xml
"2016-06-09 01:50:44",file_upload,bla_4.csv
"2016-06-09 01:53:11",file_upload,bla_7.xml
"2016-06-09 02:21:12",file_download,bla_7.xml
"2016-06-09 03:06:13",file_download,bla_8.xml
"2016-06-09 03:26:01","wrong data",bla_1.jpeg
"2016-06-09 03:35:32",file_download,bla_1.jpeg
"2016-06-09 03:45:20",file_upload,bla_1.jpeg
"2016-06-09 04:25:53",file_upload,bla_6.html
"2016-06-09 04:38:12","wrong data",bla_8.xml
"2016-06-09 05:04:03",file_upload,bla_7.xml
"2016-06-09 05:51:18",file_upload,bla_9.xls
"2016-06-09 06:22:34",file_upload,bla_9.xls
"2016-06-09 06:57:44","wrong data",bla_6.html
"2016-06-09 07:13:32",file_upload,bla_2.png
"2016-06-09 08:05:46",file_upload,bla_10.yaml
"2016-06-09 08:32:20",file_upload,bla_2.png
"2016-06-09 09:17:35",file_download,bla_10.yaml
"2016-06-09 09:51:21","wrong data",bla_7.xml
"2016-06-09 10:18:00","wrong data",bla_5.doc
"2016-06-09 10:23:48",file_upload,bla_4.csv
"2016-06-09 10:53:15",file_upload,bla_2.png
"2016-06-09 11:37:22","wrong data",bla_9.xls
"2016-06-09 11:39:42",file_download,bla_3.txt
"2016-06-09 12:18:03","wrong data",bla_10.yaml
"2016-06-09 12:22:39",file_download,bla_5.doc
"2016-06-09 13:03:53","wrong data",bla_9.xls
"2016-06-09 13:45:04",file_upload,bla_6.html
"2016-06-09 14:28:40",file_upload,bla_7.xml
"2016-06-09 14:46:17",file_download,bla_1.jpeg
"2016-06-09 15:35:45",file_upload,bla_4.csv
"2016-06-09 16:30:50",file_upload,bla_2.png
"2016-06-09 17:01:46","wrong data",bla_1.jpeg
"2016-06-09 17:27:08",file_upload,bla_5.doc
"2016-06-09 17:30:21",file_upload,bla_5.doc
"2016-06-09 18:16:14",file_download,bla_4.csv
"2016-06-09 18:55:56",file_download,bla_10.yaml
"2016-06-09 19:10:38",file_upload,bla_6.html
"2016-06-09 19:57:29",file_download,bla_9.xls
"2016-06-09 20:42:58",file_download,bla_10.yaml
"2016-06-09 21:02:15",file_upload,bla_8.xml
"2016-06-09 21:04:47",file_download,bla_1.jpeg
"2016-06-09 21:59:31",file_upload,bla_8.xml
"2016-06-09 22:55:16",file_upload,bla_3.txt
"2016-06-09 23:04:20",file_upload,bla_5.doc
"2016-06-09 23:40:02",file_upload,bla_10.yaml
"2016-06-10 00:31:17",file_upload,bla_8.xml
"2016-06-10 01:19:50",file_upload,bla_10.yaml
"2016-06-10 01:38:15","wrong data",bla_5.doc
"2016-06-10 01:49:21","wrong data",bla_8.xml
"2016-06-10 02:20:08",file_upload,bla_10.yaml
"2016-06-10 02:45:54",file_download,bla_5.doc
"2016-06-10 03:12:37",file_download,bla_5.doc
"2016-06-10 03:48:13","wrong data",bla_4.csv
"2016-06-10 04:05:55",file_download,bla_2.png
"2016-06-10 04:25:11","wrong data",bla_4.csv
"2016-06-10 05:08:31",file_download,bla_2.png
"2016-06-10 05:14:35",file_download,bla_6.html
"2016-06-10 05:20:57",file_upload,bla_4.csv
"2016-06-10 05:51:53","wrong data",bla_1.jpeg
"2016-06-10 06:39:32",file_upload,bla_3.txt
"2016-06-10 07:08:56",file_download,bla_2.png
"2016-06-10 07:30:06",file_upload,bla_4.csv
"2016-06-10 08:02:44","wrong data",bla_4.csv
"2016-06-10 08:51:46",file_upload,bla_3.txt
"2016-06-10 08:54:13","wrong data",bla_9.xls
"2016-06-10 09:50:42",file_download,bla_2.png
"2016-06-10 10:16:58",file_upload,bla_6.html
"2016-06-10 10:43:50",file_download,bla_10.yaml
"2016-06-10 11:15:57",file_upload,bla_6.html
"2016-06-10 11:32:37",file_download,bla_6.html
"2016-06-10 12:16:17","wrong data",bla_4.csv
"2016-06-10 13:06:48",file_upload,bla_10.yaml
"2016-06-10 13:22:03",file_upload,bla_9.xls
"2016-06-10 13:38:10",file_download,bla_7.xml
"2016-06-10 14:04:55",file_upload,bla_10.yaml
"2016-06-10 14:44:16","wrong data",bla_10.yaml
"2016-06-10 15:43:00",file_download,bla_8.xml
"2016-06-10 16:02:12",file_upload,bla_2.png
"2016-06-10 16:09:33","wrong data",bla_4.csv
"2016-06-10 16:12:19","wrong data",bla_6.html
"2016-06-10 17:11:45",file_upload,bla_9.xls
"2016-06-10 17:32:03",file_download,bla_1.jpeg
"2016-06-10 18:19:26",file_download,bla_8.xml
"2016-06-10 18:59:34",file_download,bla_5.doc
"2016-06-10 19:03:49",file_download,bla_1.jpeg
"2016-06-10 19:47:35",file_upload,bla_3.txt
"2016-06-10 20:46:17","wrong data",bla_9.xls
"2016-06-10 21:27:06",file_download,bla_3.txt
"2016-06-10 21:57:08","wrong data",bla_10.yaml
"2016-06-10 22:21:08",file_download,bla_8.xml
"2016-06-10 23:04:19",file_download,bla_1.jpeg
"2016-06-10 23:48:30",file_upload,bla_7.xml
"2016-06-10 23:52:11",file_upload,bla_7.xml
"2016-06-11 00:37:33",file_download,bla_2.png
"2016-06-11 01:10:15",file_download,bla_10.yaml
"2016-06-11 02:09:53","wrong data",bla_3.txt
"2016-06-11 02:11:56","wrong data",bla_7.xml
"2016-06-11 02:54:10",file_upload,bla_8.xml
"2016-06-11 03:23:18",file_upload,bla_1.jpeg
"2016-06-11 03:29:50",file_upload,bla_10.yaml
"2016-06-11 03:41:51",file_upload,bla_9.xls
"2016-06-11 04:20:51",file_download,bla_2.png
"2016-06-11 04:25:12","wrong data",bla_1.jpeg
"2016-06-11 04:39:26","wrong data",bla_10.yaml
"2016-06-11 05:29:53",file_download,bla_10.yaml
"2016-06-11 05:59:53",file_upload,bla_5.doc
"2016-06-11 06:20:07","wrong data",bla_2.png
"2016-06-11 06:22:16",file_download,bla_4.csv
"2016-06-11 07:06:31","wrong data",bla_10.yaml
"2016-06-11 07:46:10","wrong data",bla_5.doc
"2016-06-11 08:34:50",file_upload,bla_2.png
"2016-06-11 09:14:28",file_download,bla_6.html
"2016-06-11 09:24:45",file_download,bla_3.txt
"2016-06-11 09:27:03",file_upload,bla_2.png
"2016-06-11 09:58:33",file_upload,bla_5.doc
"2016-06-11 10:44:36","wrong data",bla_4.csv
"2016-06-11 11:40:00","wrong data",bla_1.jpeg
"2016-06-11 11:42:21",file_download,bla_3.txt
"2016-06-11 11:42:59","wrong data",bla_8.xml
"2016-06-11 12:13:47","wrong data",bla_2.png
"2016-06-11 12:30:17",file_download,bla_8.xml
"2016-06-11 13:04:25",file_download,bla_10.yaml
"2016-06-11 13:22:21",file_upload,bla_4.csv
"2016-06-11 13:55:35","wrong data",bla_1.jpeg
"2016-06-11 13:56:02","wrong data",bla_6.html
"2016-06-11 13:58:06",file_download,bla_9.xls
"2016-06-11 14:53:22",file_upload,bla_10.yaml
"2016-06-11 14:56:07",file_upload,bla_3.txt
"2016-06-11 15:20:15",file_upload,bla_8.xml
"2016-06-11 15:40:45",file_upload,bla_3.txt
"2016-06-11 16:35:15",file_download,bla_10.yaml
"2016-06-11 17:13:57",file_upload,bla_8.xml
"2016-06-11 17:28:22",file_upload,bla_6.html
"2016-06-11 18:22:11","wrong data",bla_6.html
"2016-06-11 19:09:43","wrong data",bla_1.jpeg
"2016-06-11 19:40:11","wrong data",bla_9.xls
"2016-06-11 20:28:21","wrong data",bla_5.doc
"2016-06-11 21:04:45",file_download,bla_2.png
"2016-06-11 21:40:59",file_upload,bla_7.xml
"2016-06-11 21:58:26","wrong data",bla_7.xml
"2016-06-11 22:50:43","wrong data",bla_5.doc
"2016-06-11 23:43:19","wrong data",bla_6.html
"2016-06-12 00:35:48","wrong data",bla_4.csv
"2016-06-12 00:44:47",file_upload,bla_4.csv
"2016-06-12 01:28:24",file_download,bla_2.png
"2016-06-12 02:05:13",file_download,bla_1.jpeg
"2016-06-12 02:43:21",file_download,bla_6.html
"2016-06-12 03:27:49",file_download,bla_1.jpeg
"2016-06-12 03:36:52",file_upload,bla_5.doc
"2016-06-12 03:50:17",file_upload,bla_2.png
"2016-06-12 04:15:21","wrong data",bla_10.yaml
"2016-06-12 04:28:37",file_download,bla_1.jpeg
"2016-06-12 04:54:05",file_download,bla_10.yaml
"2016-06-12 05:30:51","wrong data",bla_1.jpeg
"2016-06-12 05:46:01","wrong data",bla_10.yaml
"2016-06-12 06:00:48","wrong data",bla_3.txt
"2016-06-12 06:20:32",file_download,bla_8.xml
"2016-06-12 06:31:48",file_download,bla_5.doc
"2016-06-12 07:12:07",file_download,bla_4.csv
"2016-06-12 08:10:28",file_download,bla_1.jpeg
"2016-06-12 08:19:11","wrong data",bla_4.csv
"2016-06-12 09:10:27",file_download,bla_6.html
"2016-06-12 09:52:50",file_upload,bla_3.txt
"2016-06-12 09:56:12",file_download,bla_4.csv
"2016-06-12 10:35:31","wrong data",bla_7.xml
"2016-06-12 10:36:40",file_download,bla_9.xls
"2016-06-12 11:29:53","wrong data",bla_6.html
"2016-06-12 12:09:05",file_upload,bla_7.xml
"2016-06-12 12:17:28",file_upload,bla_4.csv
"2016-06-12 12:52:45","wrong data",bla_7.xml
"2016-06-12 13:07:29","wrong data",bla_5.doc
"2016-06-12 13:32:43",file_download,bla_8.xml
"2016-06-12 13:55:32","wrong data",bla_4.csv
"2016-06-12 14:53:35",file_download,bla_7.xml
"2016-06-12 15:12:22",file_upload,bla_9.xls
"2016-06-12 15:43:12",file_download,bla_2.png
"2016-06-12 16:22:39",file_download,bla_4.csv
"2016-06-12 16:26:29",file_upload,bla_8.xml
"2016-06-12 16:33:44","wrong data",bla_1.jpeg
"2016-06-12 17:09:07",file_download,bla_7.xml
"2016-06-12 17:54:19",file_upload,bla_3.txt
"2016-06-12 18:11:18",file_upload,bla_9.xls
"2016-06-12 18:23:18",file_download,bla_7.xml
"2016-06-12 19:11:33",file_download,bla_8.xml
"2016-06-12 20:08:29",file_upload,bla_6.html
"2016-06-12 20:40:24",file_download,bla_1.jpeg
"2016-06-12 21:15:19",file_upload,bla_1.jpeg
"2016-06-12 22:04:08",file_upload,bla_3.txt
"2016-06-12 22:05:39","wrong data",bla_4.csv
"2016-06-12 22:18:37",file_upload,bla_10.yaml
"2016-06-12 23:06:30",file_download,bla_1.jpeg
"2016-06-12 23:52:57",file_download,bla_8.xml
"2016-06-13 00:08:46",file_upload,bla_3.txt
"2016-06-13 00:23:17",file_upload,bla_8.xml
"2016-06-13 01:16:02",file_download,bla_9.xls
"2016-06-13 01:36:34",file_upload,bla_10.yaml
"2016-06-13 02:03:17",file_download,bla_2.png
"2016-06-13 02:04:15","wrong data",bla_1.jpeg
"2016-06-13 02:25:39",file_download,bla_4.csv
"2016-06-13 03:06:05","wrong data",bla_4.csv
"2016-06-13 03:57:11",file_upload,bla_6.html
"2016-06-13 04:23:51","wrong data",bla_2.png
"2016-06-13 04:39:35",file_upload,bla_8.xml
"2016-06-13 05:05:07",file_download,bla_8.xml
"2016-06-13 05:20:57",file_download,bla_7.xml
"2016-06-13 06:16:57",file_upload,bla_6.html
"2016-06-13 06:24:33",file_upload,bla_8.xml
"2016-06-13 07:09:45",file_upload,bla_8.xml
"2016-06-13 08:07:33",file_upload,bla_10.yaml
"2016-06-13 08:30:53",file_upload,bla_5.doc
"2016-06-13 09:29:45",file_upload,bla_9.xls
"2016-06-13 09:48:33","wrong data",bla_2.png
"2016-06-13 10:32:25",file_download,bla_4.csv
"2016-06-13 10:45:29",file_download,bla_6.html
"2016-06-13 11:06:55",file_upload,bla_7.xml
"2016-06-13 11:22:39","wrong data",bla_4.csv
"2016-06-13 12:13:33",file_download,bla_5.doc
"2016-06-13 12:33:06",file_download,bla_10.yaml
